,Unnamed: 0,SMILES,Target Sequence,Label,drug_encoding,target_encoding
1873,1873,CNC(=O)C1CCCCC1SC1CCC2C(C=CC3CCCCN3)N[NH]C2C1,MAMTAGTTTTFPMSNHTRERVTVAKLTLENFYSNLILQHEERETRQKKLEVAMEEEGLADEEKKLRRSQHARKETEFLRLKRTRLGLDDFESLKVIGRGAFGEVRLVQKKDTGHIYAMKILRKSDMLEKEQVAHIRAERDILVEADGAWVVKMFYSFQDKRNLYLIMEFLPGGDMMTLLMKKDTLTEEETQFYISETVLAIDAIHQLGFIHRDIKPDNLLLDAKGHVKLSDFGLCTGLKKAHRTEFYRNLTHNPPSDFSFQNMNSKRKAETWKKNRRQLAYSTVGTPDYIAPEVFMQTGYNKLCDWWSLGVIMYEMLIGYPPFCSETPQETYRKVMNWKETLVFPPEVPISEKAKDLILRFCIDSENRIGNSGVEEIKGHPFFEGVDWEHIRERPAAIPIEIKSIDDTSNFDDFPESDILQPVPNTTEPDYKSKDWVFLNYTYKRFEGLTQRGSIPTYMKAGKL,10000.0,[0. 0. 0. ... 0. 0. 0.],[5.827 5.451 3.947 ... 0.    0.    0.   ]
1071,1071,O=C(NC1CCNCC1)C1[NH]NCC1NC(=O)C1C(CL)CCCC1CL,MNGEAICSALPTIPYHKLADLRYLSRGASGTVSSARHADWRVQVAVKHLHIHTPLLDSERKDVLREAEILHKARFSYILPILGICNEPEFLGIVTEYMPNGSLNELLHRKTEYPDVAWPLRFRILHEIALGVNYLHNMTPPLLHHDLKTQNILLDNEFHVKIADFGLSKWRMMSLSQSRSSKSAPEGGTIIYMPPENYEPGQKSRASIKHDIYSYAVITWEVLSRKQPFEDVTNPLQIMYSVSQGHRPVINEESLPYDIPHRARMISLIESGWAQNPDERPSFLKCLIELEPVLRTFEEITFLEAVIQLKKTKLQSVSSAIHLCDKKKMELSLNIPVNHGPQEESCGSSQLHENSGSPETSRSLPAPQDNDFLSRKAQDCYFMKLHHCPGNHSWDSTISGSQRAAFCDHKTTPCSSAIINPLSTAGNSERLQPGIAQQWIQSKREDIVNQMTEACLNQSLDALLSRDLIMKEDYELVSTKPTRTSKVRQLLDTTDIQGEEFAKVIVQKLKDNKQMGLQPYPEILVVSRSPSLNLLQNKSM,10000.0,[0. 0. 0. ... 0. 0. 0.],[5.618 4.392 3.882 ... 2.    0.    1.   ]
1378,1378,CN(C)CC=CC(=O)NC1CC2C(NC3CCC(F)C(CL)C3)NCNC2CC1OC1CCOC1,MERKVLALQARKKRTKAKKDKAQRKSETQHRGSAPHSESDLPEQEEEILGSDDDEQEDPNDYCKGGYHLVKIGDLFNGRYHVIRKLGWGHFSTVWLSWDIQGKKFVAMKVVKSAEHYTETALDEIRLLKSVRNSDPNDPNREMVVQLLDDFKISGVNGTHICMVFEVLGHHLLKWIIKSNYQGLPLPCVKKIIQQVLQGLDYLHTKCRIIHTDIKPENILLSVNEQYIRRLAAEATEWQRSGAPPPSGSAVSTAPQPKPADKMSKNKKKKLKKKQKRQAELLEKRMQEIEEMEKESGPGQKRPNKQEESESPVERPLKENPPNKMTQEKLEESSTIGQDQTLMERDTEGGAAEINCNGVIEVINYTQNSNNETLRHKEDLHNANDCDVQNLNQESSFLSSQNGDSSTSQETDSCTPITSEVSDTMVCQSSSTVGQSFSEQHISQLQESIRAEIPCEDEQEQEHNGPLDNKGKSTAGNFLVNPLEPKNAEKLKVKIADLGNACWVHKHFTEDIQTRQYRSLEVLIGSGYNTPADIWSTACMAFELATGDYLFEPHSGEEYTRDEDHIALIIELLGKVPRKLIVAGKYSKEFFTKKGDLKHITKLKPWGLFEVLVEKYEWSQEEAAGFTDFLLPMLELIPEKRATAAECLRHPWLNS,10000.0,[0. 0. 0. ... 0. 0. 0.],[4.978 6.003 4.539 ... 0.    1.    0.   ]
277,277,CC(C)(C)C1CC(NC(=O)NC2CCC(-C3CN4C(N3)SC3CC(OCCN5CCOCC5)CCC34)CC2)NO1,MSDVAIVKEGWLHKRGEYIKTWRPRYFLLKNDGTFIGYKERPQDVDQREAPLNNFSVAQCQLMKTERPRPNTFIIRCLQWTTVIERTFHVETPEEREEWTTAIQTVADGLKKQEEEEMDFRSGSPSDNSGAEEMEVSLAKPKHRVTMNEFEYLKLLGKGTFGKVILVKEKATGRYYAMKILKKEVIVAKDEVAHTLTENRVLQNSRHPFLTALKYSFQTHDRLCFVMEYANGGELFFHLSRERVFSEDRARFYGAEIVSALDYLHSEKNVVYRDLKLENLMLDKDGHIKITDFGLCKEGIKDGATMKTFCGTPEYLAPEVLEDNDYGRAVDWWGLGVVMYEMMCGRLPFYNQDHEKLFELILMEEIRFPRTLGPEAKSLLSGLLKKDPKQRLGGGSEDAKEIMQHRFFAGIVWQHVYEKKLSPPFKPQVTSETDTRYFDEEFTAQMITITPPDQDDSMECVDSERRPHFPQFSYSASGTA,10000.0,[0. 0. 0. ... 0. 0. 0.],[5.85  6.033 4.205 ... 0.    0.    0.   ]
1850,1850,CNC(=O)C1CCCCC1SC1CCC2C(C=CC3CCCCN3)N[NH]C2C1,MSQSKGKKRNPGLKIPKEAFEQPQTSSTPPRDLDSKACISIGNQNFEVKADDLEPIMELGRGAYGVVEKMRHVPSGQIMAVKRIRATVNSQEQKRLLMDLDISMRTVDCPFTVTFYGALFREGDVWICMELMDTSLDKFYKQVIDKGQTIPEDILGKIAVSIVKALEHLHSKLSVIHRDVKPSNVLINALGQVKMCDFGISGYLVDSVAKTIDAGCKPYMAPERINPELNQKGYSVKSDIWSLGITMIELAILRFPYDSWGTPFQQLKQVVEEPSPQLPADKFSAEFVDFTSQCLKKNSKERPTYPELMQHPFFTLHESKGTDVASFVKLILGD,10000.0,[0. 0. 0. ... 0. 0. 0.],[5.95  4.959 5.455 ... 0.    0.    0.   ]
166,166,CC1[NH]NC2CCC(-C3CNCC(OCC(N)CC4CCCCC4)C3)CC12,MAMTGSTPCSSMSNHTKERVTMTKVTLENFYSNLIAQHEEREMRQKKLEKVMEEEGLKDEEKRLRRSAHARKETEFLRLKRTRLGLEDFESLKVIGRGAFGEVRLVQKKDTGHVYAMKILRKADMLEKEQVGHIRAERDILVEADSLWVVKMFYSFQDKLNLYLIMEFLPGGDMMTLLMKKDTLTEEETQFYIAETVLAIDSIHQLGFIHRDIKPDNLLLDSKGHVKLSDFGLCTGLKKAHRTEFYRNLNHSLPSDFTFQNMNSKRKAETWKRNRRQLAFSTVGTPDYIAPEVFMQTGYNKLCDWWSLGVIMYEMLIGYPPFCSETPQETYKKVMNWKETLTFPPEVPISEKAKDLILRFCCEWEHRIGAPGVEEIKSNSFFEGVDWEHIRERPAAISIEIKSIDDTSNFDEFPESDILKPTVATSNHPETDYKNKDWVFINYTYKRFEGLTARGAIPSYMKAAK,10000.0,[0. 0. 0. ... 0. 0. 0.],[5.95  4.959 5.455 ... 0.    0.    0.   ]
1285,1285,CN(C)CC=CC(=O)NC1CC2C(NC3CCC(F)C(CL)C3)NCNC2CC1OC1CCOC1,MEEEEGAVAKEWGTTPAGPVWTAVFDYEAAGDEELTLRRGDRVQVLSQDCAVSGDEGWWTGQLPSGRVGVFPSNYVAPGAPAAPAGLQLPQEIPFHELQLEEIIGVGGFGKVYRALWRGEEVAVKAARLDPEKDPAVTAEQVCQEARLFGALQHPNIIALRGACLNPPHLCLVMEYARGGALSRVLAGRRVPPHVLVNWAVQVARGMNYLHNDAPVPIIHRDLKSINILILEAIENHNLADTVLKITDFGLAREWHKTTKMSAAGTYAWMAPEVIRLSLFSKSSDVWSFGVLLWELLTGEVPYREIDALAVAYGVAMNKLTLPIPSTCPEPFARLLEECWDPDPHGRPDFGSILKRLEVIEQSALFQMPLESFHSLQEDWKLEIQHMFDDLRTKEKELRSREEELLRAAQEQRFQEEQLRRREQELAEREMDIVERELHLLMCQLSQEKPRVRKRKGNFKRSRLLKLREGGSHISLPSGFEHKITVQASPTLDKRKGSDGASPPASPSIIPRLRAIRLTPVDCGGSSSGSSSGGSGTWSRGGPPKKEELVGGKKKGRTWGPSSTLQKERVGGEERLKGLGEGSKQWSSSAPNLGKSPKHTPIAPGFASLNEMEEFAEAEDGGSSVPPSPYSTPSYLSVPLPAEPSPGARAPWEPTPSAPPARWGHGARRRCDLALLGCATLLGAVGLGADVAEARAADGEEQRRWLDGLFFPRAGRFPRGLSPPARPHGRREDVGPGLGLAPSATLVSLSSVSDCNSTRSLLRSDSDEAAPAAPSPPPSPPAPTPTPSPSTNPLVDLELESFKKDPRQSLTPTHVTAACAVSRGHRRTPSDGALGQRGPPEPAGHGPGPRDLLDFPRLPDPQALFPARRRPPEFPGRPTTLTFAPRPRPAASRPRLDPWKLVSFGRTLTISPPSRPDTPESPGPPSVQPTLLDMDMEGQNQDSTVPLCGAHGSH,10000.0,[0. 0. 0. ... 0. 0. 0.],[7.724 6.098 4.268 ... 0.    0.    0.   ]
333,333,CC(C)(C)C1CC(NC(=O)NC2CCC(-C3CN4C(N3)SC3CC(OCCN5CCOCC5)CCC34)CC2)NO1,MHTGGETSACKPSSVRLAPSFSFHAAGLQMAGQMPHSHQYSDRRQPNISDQQVSALSYSDQIQQPLTNQVMPDIVMLQRRMPQTFRDPATAPLRKLSVDLIKTYKHINEVYYAKKKRRHQQGQGDDSSHKKERKVYNDGYDDDNYDYIVKNGEKWMDRYEIDSLIGKGSFGQVVKAYDRVEQEWVAIKIIKNKKAFLNQAQIEVRLLELMNKHDTEMKYYIVHLKRHFMFRNHLCLVFEMLSYNLYDLLRNTNFRGVSLNLTRKFAQQMCTALLFLATPELSIIHCDLKPENILLCNPKRSAIKIVDFGSSCQLGQRIYQYIQSRFYRSPEVLLGMPYDLAIDMWSLGCILVEMHTGEPLFSGANEVDQMNKIVEVLGIPPAHILDQAPKARKFFEKLPDGTWNLKKTKDGKREYKPPGTRKLHNILGVETGGPGGRRAGESGHTVADYLKFKDLILRMLDYDPKTRIQPYYALQHSFFKKTADEGTNTSNSVSTSPAMEQSQSSGTTSSTSSSSGGSSGTSNSGRARSDPTHQHRHSGGHFTAAVQAMDCETHSPQVRQQFPAPLGWSGTEAPTQVTVETHPVQETTFHVAPQQNALHHHHGNSSHHHHHHHHHHHHHGQQALGNRTRPRVYNSPTNSSSTQDSMEVGHSHHSMTSLSSSTTSSSTSSSSTGNQGNQAYQNRPVAANTLDFGQNGAMDVNLTVYSNPRQETGIAGHPTYQFSANTGPAHYMTEGHLTMRQGADREESPMTGVCVQQSPVASS,10000.0,[0. 0. 0. ... 0. 0. 0.],[5.95  4.959 5.455 ... 0.    0.    0.   ]
1410,1410,CN(C)CC=CC(=O)NC1CC2C(NC3CCC(F)C(CL)C3)NCNC2CC1OC1CCOC1,MSSMPKPERHAESLLDICHDTNSSPTDLMTVTKNQNIILQSISRSEEFDQDGDCSHSTLVNEEEDPSGGRQDWQPRTEGVEITVTFPRDVSPPQEMSQEDLKEKNLINSSLQEWAQAHAVSHPNEIETVELRKKKLTMRPLVLQKEESSRELCNVNLGFLLPRSCLELNISKSVTREDAPHFLKEQQRKSEEFSTSHMKYSGRSIKFLLPPLSLLPTRSGVLTIPQNHKFPKEKERNIPSLTSFVPKLSVSVRQSDELSPSNEPPGALVKSLMDPTLRSSDGFIWSRNMCSFPKTNHHRQCLEKEENWKSKEIEECNKIEITHFEKGQSLVSFENLKEGNIPAVREEDIDCHGSKTRKPEEENSQYLSSRKNESSVAKNYEQDPEIVCTIPSKFQETQHSEITPSQDEEMRNNKAASKRVSLHKNEAMEPNNILEECTVLKSLSSVVFDDPIDKLPEGCSSMETNIKISIAERAKPEMSRMVPLIHITFPVDGSPKEPVIAKPSLQTRKGTIHNNHSVNIPVHQENDKHKMNSHRSKLDSKTKTSKKTPQNFVISTEGPIKPTMHKTSIKTQIFPALGLVDPRPWQLPRFQKKMPQIAKKQSTHRTQKPKKQSFPCICKNPGTQKSCVPLSVQPTEPRLNYLDLKYSDMFKEINSTANGPGIYEMFGTPVYCHVRETERDENTYYREICSAPSGRRITNKCRSSHSERKSNIRTRLSQKKTHMKCPKTSFGIKQEHKVLISKEKSSKAVHSNLHDIENGDGISEPDWQIKSSGNEFLSSKDEIHPMNLAQTPEQSMKQNEFPPVSDLSIVEEVSMEESTGDRDISNNQILTTSLRDLQELEELHHQIPFIPSEDSWAVPSEKNSNKYVQQEKQNTASLSKVNASRILTNDLEFDSVSDHSKTLTNFSFQAKQESASSQTYQYWVHYLDHDSLANKSITYQMFGKTLSGTNSISQEIMDSVNNEELTDELLGCLAAELLALDEKDNNSCQKMANETDPENLNLVLRWRGSTPKEMGRETTKVKIQRHSSGLRIYDREEKFLISNEKKIFSENSLKSEEPILWTKGEILGKGAYGTVYCGLTSQGQLIAVKQVALDTSNKLAAEKEYRKLQEEVDLLKALKHVNIVAYLGTCLQENTVSIFMEFVPGGSISSIINRFGPLPEMVFCKYTKQILQGVAYLHENCVVHRDIKGNNVMLMPTGIIKLIDFGCARRLAWAGLNGTHSDMLKSMHGTPYWMAPEVINESGYGRKSDIWSIGCTVFEMATGKPPLASMDRMAAMFYIGAHRGLMPPLPDHFSENAADFVRMCLTRDQHERPSALQLLKHSFLERSH,10000.0,[0. 0. 0. ... 0. 0. 0.],[8.483 5.827 3.599 ... 0.    0.    0.   ]
1508,1508,CN1CCC(C2C(O)CC(O)C3C(=O)CC(-C4CCCCC4CL)OC23)C(O)C1,MQFPSPPAARSSPAPQAASSSEAAAPATGQPGPSCPVPGTSRRGRPGTPPAGRVEEEEEEEEEDVDKDPHPTQNTCLRCRHFSLRERKREPRRTMGGCEVREFLLQFGFFLPLLTAWPGDCSHVSNNQVVLLDTTTVLGELGWKTYPLNGWDAITEMDEYNRPIHTYQVCNVMEPNQNNWLRTNWISRDAAQKIYVEMKFTLRDCNSIPWVLGTCKETFNLFYMESDESHGIKFKPNQYTKIDTIAADESFTQMDLGDRILKLNTEIREVGPIERKGFYLAFQDIGACIALVSVRVFYKKCPFTVRNLAMFPDTIPRVDSSSLVEVRGSCVKSAEERDTPKLYCGADGDWLVPLGRCICSTGYEEIEGSCHACRPGFYKAFAGNTKCSKCPPHSLTYMEATSVCQCEKGYFRAEKDPPSMACTRPPSAPRNVVFNINETALILEWSPPSDTGGRKDLTYSVICKKCGLDTSQCEDCGGGLRFIPRHTGLINNSVIVLDFVSHVNYTFEIEAMNGVSELSFSPKPFTAITVTTDQDGKFHCCSLKTDP,10000.0,[0. 0. 0. ... 0. 0. 0.],[3.081 6.162 3.641 ... 0.    0.    0.   ]
1086,1086,O=C(NC1CCNCC1)C1[NH]NCC1NC(=O)C1C(CL)CCCC1CL,MGSNKSKPKDASQRRRSLEPAENVHGAGGGAFPASQTPSKPASADGHRGPSAAFAPAAAEPKLFGGFNSSDTVTSPQRAGPLAGGVTTFVALYDYESRTETDLSFKKGERLQIVNNTEGDWWLAHSLSTGQTGYIPSNYVAPSDSIQAEEWYFGKITRRESERLLLNAENPRGTFLVRESETTKGAYCLSVSDFDNAKGLNVKHYKIRKLDSGGFYITSRTQFNSLQQLVAYYSKHADGLCHRLTTVCPTSKPQTQGLAKDAWEIPRESLRLEVKLGQGCFGEVWMGTWNGTTRVAIKTLKPGTMSPEAFLQEAQVMKKLRHEKLVQLYAVVSEEPIYIVTEYMSKGSLLDFLKGETGKYLRLPQLVDMAAQIASGMAYVERMNYVHRDLRAANILVGENLVCKVADFGLARLIEDNEYTARQGAKFPIKWTAPEAALYGRFTIKSDVWSFGILLTELTTKGRVPYPGMVNREVLDQVERGYRMPCPPECPESLHDLMCQCWRKEPEERPTFEYLQAFLEDYFTSTEPQYQPGENL,10000.0,[0. 0. 0. ... 1. 0. 0.],[7.388 6.017 3.503 ... 0.    0.    0.   ]
626,626,CCN1CCN(CC2CCC(NC(=O)NC3CCC(OC4CC(NC)NCN4)CC3)CC2C(F)(F)F)CC1,MSRRRFDCRSISGLLTTTPQIPIKMENFNNFYILTSKELGRGKFAVVRQCISKSTGQEYAAKFLKKRRRGQDCRAEILHEIAVLELAKSCPRVINLHEVYENTSEIILILEYAAGGEIFSLCLPELAEMVSENDVIRLIKQILEGVYYLHQNNIVHLDLKPQNILLSSIYPLGDIKIVDFGMSRKIGHACELREIMGTPEYLAPEILNYDPITTATDMWNIGIIAYMLLTHTSPFVGEDNQETYLNISQVNVDYSEETFSSVSQLATDFIQSLLVKNPEKRPTAEICLSHSWLQQWDFENLFHPEETSSSSQTQDHSVRSSEDKTSKSSCNGTCGDREDKENIPEDSSMVSKRFRFDDSLPNPHELVSDLLC,10000.0,[0. 1. 0. ... 0. 0. 0.],[8.042 6.002 3.295 ... 0.    0.    0.   ]
217,217,CC1[NH]NC2CCC(-C3CNCC(OCC(N)CC4CCCCC4)C3)CC12,MAKATSGAAGLRLLLLLLLPLLGKVALGLYFSRDAYWEKLYVDQAAGTPLLYVHALRDAPEEVPSFRLGQHLYGTYRTRLHENNWICIQEDTGLLYLNRSLDHSSWEKLSVRNRGFPLLTVYLKVFLSPTSLREGECQWPGCARVYFSFFNTSFPACSSLKPRELCFPETRPSFRIRENRPPGTFHQFRLLPVQFLCPNISVAYRLLEGEGLPFRCAPDSLEVSTRWALDREQREKYELVAVCTVHAGAREEVVMVPFPVTVYDEDDSAPTFPAGVDTASAVVEFKRKEDTVVATLRVFDADVVPASGELVRRYTSTLLPGDTWAQQTFRVEHWPNETSVQANGSFVRATVHDYRLVLNRNLSISENRTMQLAVLVNDSDFQGPGAGVLLLHFNVSVLPVSLHLPSTYSLSVSRRARRFAQIGKVCVENCLADLTGDAVSGRDEARSSGLGSQKHPGS,10000.0,[0. 0. 0. ... 0. 0. 0.],[8.696 5.263 3.051 ... 0.    0.    0.   ]
2065,2065,CCC1C(=O)N(C)C2CNC(NC3CCC(C(=O)NC4CCN(C)CC4)CC3OC)NC2N1C1CCCC1,MELRVLLCWASLAAALEETLLNTKLETADLKWVTFPQVDGQWEELSGLDEEQHSVRTYEVCDVQRAPGQAHWLRTGWVPRRGAVHVYATLRFTMLECLSLPRAGRSCKETFTVFYYESDADTATALTPAWMENPYIKVDTVAAEHLTRKRPGAEATGKVNVKTLRLGPLSKAGFYLAFQDQGACMALLSLHLFYKKCAQLTVNLTRFPETVPRELVVPVAGSCVVDAVPAPGPSPSLYCREDGQWAEQPVTGCSCAPGFEAAEGNTKCRACAQGTFKPLSGEGSCQPCPANSHSNTIGSAVCQCRVGYFRARTDPRGAPCTTPPSAPRSVVSRLNGSSLHLEWSAPLESGGREDLTYALRCRECRPGGSCAPCGGDLTFDPGPRDLVEPWVVVRGLRPDFTYTFEVTALNGVSSLATGPVPFEPVNVTTDREVPPAVSDIRVTRSSPSSLSLAWAVPRAPSGAVLDYEVKYHEKGAEGPSSVRFLKTSENRAELRGLKRGASYLVQVRARSEAGYGPFGQEHHSQTQLDESEGWREQLALIAGTAVVGVVLVLVVIVVAVLCLRKQSNGREAEYSDKHGQYLIGHGTKVYIDPFTYEDPNEAVREFAKEIDVSYVKIEEVIGAGEFGEVCRGRLKAPGKKESCVAIKTLKGGYTERQRREFLSEASIMGQFEHPNIIRLEGVVTNSMPVMILTEFMENGALDSFLRLNDGQFTVIQLVGMLRGIASGMRYLAEMSYVHRDLAARNILVNSNLVCKVSDFGLSRFLEENSSDPTYTSSLGGKIPIRWTAPEAIAFRKFTSASDAWSYGIVMWEVMSFGERPYWDMSNQDVINAIEQDYRLPPPPDCPTSLHQLMLDCWQKDRNARPRFPQVVSALDKMIRNPASLKIVARENGGDLLRIGVTLAGHQKKILASVQHMKSQAKPGTPGGTGGPAPQY,10000.0,[0. 0. 0. ... 0. 0. 0.],[5.764 5.764 3.458 ... 0.    0.    0.   ]
816,816,CCN1CCN(CC2CCC(NC(=O)NC3CCC(OC4CC(NC)NCN4)CC3)CC2C(F)(F)F)CC1,MGHALCVCSRGTVIIDNKRYLFIQKLGEGGFSYVDLVEGLHDGHFYALKRILCHEQQDREEAQREADMHRLFNHPNILRLVAYCLRERGAKHEAWLLLPFFKRGTLWNEIERLKDKGNFLTEDQILWLLLGICRGLEAIHAKGYAHRDLKPTNILLGDEGQPVLMDLGSMNQACIHVEGSRQALTLQDWAAQRCTISYRAPELFSVQSHCVIDERTDVWSLGCVLYAMMFGEGPYDMVFQKGDSVALAVQNQLSIPQSPRHSSALRQLLNSMMTVDPHQRPHIPLLLSQLEALQPPAPGQHTTQI,10000.0,[0. 0. 0. ... 0. 0. 0.],[4.494 5.618 4.607 ... 0.    0.    0.   ]
182,182,CC1[NH]NC2CCC(-C3CNCC(OCC(N)CC4CCCCC4)C3)CC12,RLSLLDLQLGPLGRDPPQECSTFSPTDSGEEPGQLSPGVQFQRRQNQRRFSMEDVSKRLSLPMDIRLPQEFLQKLQMESPDLPKPLSRMSRRASLSDIGFGKLETYVKLDKLGEGTYATVFKGRSKLTENLVALKEIRLEHEEGAPCTAIREVSLLKNLKHANIVTLHDLIHTDRSLTLVFEYLDSDLKQYLDHCGNLMSMHNVKIFMFQLLRGLAYCHHRKILHRDLKPQNLLINERGELKLADFGLARAKSVPTKTYSNEVVTLWYRPPDVLLGSTEYSTPIDMWGVGCIHYEMATGRPLFPGSTVKEELHLIFRLLGTPTEETWPGVTAFSEFRTYSFPCYLPQPLINHAPRLDTDGIHLLSSLLLYESKSRMSAEAALSHSYFRSLGERVHQLEDTASIFSLKEIQLQKDPGYRGLAFQQPGRGKNRRQSIF,7700.0,[0. 1. 0. ... 0. 0. 0.],[8.483 5.827 3.599 ... 0.    0.    0.   ]
108,108,CC1[NH]NC2CCC(-C3CNCC(OCC(N)CC4CCCCC4)C3)CC12,MKSGSGGGSPTSLWGLLFLSAALSLWPTSGEICGPGIDIRNDYQQLKRLENCTVIEGYLHILLISKAEDYRSYRFPKLTVITEYLLLFRVAGLESLGDLFPNLTVIRGWKLFYNYALVIFEMTNLKDIGLYNLRNITRGAIRIEKNADLCYLSTVDWSLILDAVSNNYIVGNKPPKECGDLCPGTMEEKPMCEKTTINNEYNYRCWTTNRCQKMCPSTCGKRACTENNECCHPECLGSCSAPDNDTACVACRHYYYAGVCVPACPPNTYRFEGWRCVDRDFCANILSAESSDSEGFVIHDGECMQECPSGFIRNGSQSMYCIPCEGPCPKVCEEEKKTKTIDSVTSAQMLQGCTIFKGNLLINIRRGNNIASELENFMGLIEVVTGYVKIRHSHALVSLSFLKNLRLILGEEQLEGNYSFYVLDNQNLQQLWDWDHRNLTIKAGKMYFAFNPKLCVSEIYRMEEVTGTKGRQSKGDINTRNNGERASCESDVLHFTSTTTSKNRIIITWHRYRPPDYRDLISFTVYYKEAPFKNVTEYDGQDACGSNSWNMVDVDLPPNKDVEPGILLHGLKPWTQYAVYVKAVTLTMVENDHIRGAKSEILYIRTNASVPSIPLDVLSASNSSSQLIVKWNPPSLPNGNLSYYIVRWQRQPQDGYLYRHNYCSKDKIPIRKYADGTIDIEEVTENPKTEVCGGEKGPCCACPKTEAEKQAEKEEAEYRKVFENFLHNSIFVPRPERKRRDVMQVANTTMSSRSRNTTAADTYNITDPEELETEYPFFESRVDNKERTVISNLRPFTLYRIDIHSCNHEAEKLGCSASNFVFARTMPAEGADDIPGPVTWEPRPENSIFLKWPEPENPNGLILMYEIKYGSQVEDQRECVSRQEYRKYGGAKLNRLNPGNYTARIQATSLSGNGSWTDPVFFYVQAKTGYENFIHLIIALPVAVLLIVGGLVIMLYVFHRKRNNSRLGNGVLYASVNPEYFSAADVYVPDEWEVAREKITMSRELGQGSFGMVYEGVAKGVVKDEPETRVAIKTVNEAASMRERIEFLNEASVMKEFNCHHVVRLLGVVSQGQPTLVIMELMTRGDLKSYLRSLRPEMENNPVLAPPSLSKMIQMAGEIADGMAYLNANKFVHRDLAARNCMVAEDFTVKIGDFGMTRDIYETDYYRKGGKGLLPVRWMSPESLKDGVFTTYSDVWSFGVVLWEIATLAEQPYQGLSNEQVLRFVMEGGLLDKPDNCPDMLFELMRMCWQYNPKMRPSFLEIISSIKEEMEPGFREVSFYYSEENKLPEPEELDLEPENMESVPLDPSASSSSLPLPDRHSGHKAENGPGPGVLVLRASFDERQPYAHMNGGRKNERALPLPQSSTC,10000.0,[0. 1. 0. ... 0. 0. 0.],[5.635 4.098 5.533 ... 0.    0.    0.   ]
1760,1760,CNC(=O)C1CCCCC1SC1CCC2C(C=CC3CCCCN3)N[NH]C2C1,MRHSKRTYCPDWDDKDWDYGKWRSSSSHKRRKRSHSSAQENKRCKYNHSKMCDSHYLESRSINEKDYHSRRYIDEYRNDYTQGCEPGHRQRDHESRYQNHSSKSSGRSGRSSYKSKHRIHHSTSHRRSHGKSHRRKRTRSVEDDEEGHLICQSGDVLSARYEIVDTLGEGAFGKVVECIDHKAGGRHVAVKIVKNVDRYCEAARSEIQVLEHLNTTDPNSTFRCVQMLEWFEHHGHICIVFELLGLSTYDFIKENGFLPFRLDHIRKMAYQICKSVNFLHSNKLTHTDLKPENILFVQSDYTEAYNPKIKRDERTLINPDIKVVDFGSATYDDEHHSTLVSTRHYRAPEVILALGWSQPCDVWSIGCILIEYYLGFTVFPTHDSKEHLAMMERILGPLPKHMIQKTRKRKYFHHDRLDWDEHSSAGRYVSRRCKPLKEFMLSQDVEHERLFDLIQKMLEYDPAKRITLREALKHPFFDLLKKSI,10000.0,[0. 0. 0. ... 0. 0. 0.],[7.407 5.644 2.293 ... 0.    0.    0.   ]
448,448,CC(C)(C)C1CC(NC(=O)NC2CCC(-C3CN4C(N3)SC3CC(OCCN5CCOCC5)CCC34)CC2)NO1,MSDNGELEDKPPAPPVRMSSTIFSTGGKDPLSANHSLKPLPSVPEEKKPRHKIISIFSGTEKGSKKKEKERPEISPPSDFEHTIHVGFDAVTGEFTGMPEQWARLLQTSNITKLEQKKNPQAVLDVLKFYDSNTVKQKYLSFTPPEKDGFPSGTPALNAKGTEAPAVVTEEEDDDEETAPPVIAPRPDHTKSIYTRSVIDPVPAPVGDSHVDGAAKSLDKQKKKTKMTDEEIMEKLRTIVSIGDPKKKYTRYEKIGQGASGTVFTATDVALGQEVAIKQINLQKQPKKELIINEILVMKELKNPNIVNFLDSYLVGDELFVVMEYLAGGSLTDVVTETCMDEAQIAAVCRECLQALEFLHANQVIHRDIKSDNVLLGMEGSVKLTDFGFCAQITPEQSKRSTMVGTPYWMAPEVVTRKAYGPKVDIWSLGIMAIEMVEGEPPYLNENPLRALYLIATNGTPELQNPEKLSPIFRDFLNRCLEMDVEKRGSAKELLQHPFLKLAKPLSSLTPLIMAAKEAMKSNR,10000.0,[0. 0. 0. ... 0. 0. 0.],[5.63  8.847 3.217 ... 0.    1.    0.   ]
1390,1390,CN(C)CC=CC(=O)NC1CC2C(NC3CCC(F)C(CL)C3)NCNC2CC1OC1CCOC1,MNFNTILEEILIKRSQQKKKTSPLNYKERLFVLTKSMLTYYEGRAEKKYRKGFIDVSKIKCVEIVKNDDGVIPCQNKYPFQVVHDANTLYIFAPSPQSRDLWVKKLKEEIKNNNNIMIKYHPKFWTDGSYQCCRQTEKLAPGCEKYNLFESSIRKALPPAPETKKRRPPPPIPLEEEDNSEEIVVAMYDFQAAEGHDLRLERGQEYLILEKNDVHWWRARDKYGNEGYIPSNYVTGKKSNNLDQYEWYCRNMNRSKAEQLLRSEDKEGGFMVRDSSQPGLYTVSLYTKFGGEGSSGFRHYHIKETTTSPKKYYLAEKHAFGSIPEIIEYHKHNAAGLVTRLRYPVSVKGKNAPTTAGFSYEKWEINPSELTFMRELGSGLFGVVRLGKWRAQYKVAIKAIREGAMCEEDFIEEAKVMMKLTHPKLVQLYGVCTQQKPIYIVTEFMERGCLLNFLRQRQGHFSRDVLLSMCQDVCEGMEYLERNSFIHRDLAARNCLVSEAGVVKVSDFGMARYVLDDQYTSSSGAKFPVKWCPPEVFNYSRFSSKSDVWSFGVLMWEVFTEGRMPFEKYTNYEVVTMVTRGHRLYQPKLASNYVYEVMLRCWQEKPEGRPSFEDLLRTIDELVECEETFGR,10000.0,[0. 1. 1. ... 0. 0. 0.],[6.78  6.721 3.156 ... 0.    0.    0.   ]
1234,1234,CN(C)CC=CC(=O)NC1CC2C(NC3CCC(F)C(CL)C3)NCNC2CC1OC1CCOC1,MDFGSLETVVANSAFIAARGSFDGSSSQPSRDKKYLAKLKLPPLSKCESLRDSLSLEFESVCLEQPIGKKLFQQFLQSAEKHLPALELWKDIEDYDTADNDLQPQKAQTILAQYLDPQAKLFCSFLDEGIVAKFKEGPVEIQDGLFQPLLQATLAHLGQAPFQEYLGSLYFLRFLQWKWLEAQPMGEDWFLDFRVLGKGGFGEVSACQMKATGKLYACKKLNKKRLKKRKGYQGAMVEKKILMKVHSRFIVSLAYAFETKADLCLVMTIMNGGDIRYHIYNVNEENPGFPEPRALFYTAQIICGLEHLHQRRIVYRDLKPENVLLDNDGNVRISDLGLAVELLDGQSKTKGYAGTPGFMAPELLQGEEYDFSVDYFALGVTLYEMIAARGPFRARGEKVENKELKHRIISEPVKYPDKFSQASKDFCEALLEKDPEKRLGFRDETCDKLRAHPLFKDLNWRQLEAGMLMPPFIPDSKTVYAKDIQDVGAFSTVKGVAFDKTDTEFFQEFATGNCPIPWQEEMIETGIFGELNVWRSDGQMPDDMKGISGGSSSSSKSGMCLVS,10000.0,[0. 0. 0. ... 0. 0. 0.],[5.501 5.697 4.715 ... 0.    0.    0.   ]
908,908,O=C(NC1CCNCC1)C1[NH]NCC1NC(=O)C1C(CL)CCCC1CL,MELRVGNRYRLGRKIGSGSFGDIYLGTDIAAGEEVAIKLECVKTKHPQLHIESKIYKMMQGGVGIPTIRWCGAEGDYNVMVMELLGPSLEDLFNFCSRKFSLKTVLLLADQMISRIEYIHSKNFIHRDVKPDNFLMGLGKKGNLVYIIDFGLAKKYRDARTHQHIPYRENKNLTGTARYASINTHLGIEQSRRDDLESLGYVLMYFNLGSLPWQGLKAATKRQKYERISEKKMSTPIEVLCKGYPSEFATYLNFCRSLRFDDKPDYSYLRQLFRNLFHRQGFSYDYVFDWNMLKFGASRAADDAERERRDREERLRHSRNPATRGLPSTASGRLRGTQEVAPPTPLTPTSHTANTSPRPVSGMERERKVSMRLHRGAPVNISSSDLTGRQDTSRMSTSQIPGRVASSGLQSVVHR,10000.0,[0. 1. 0. ... 0. 0. 0.],[6.619 4.472 5.367 ... 0.    0.    0.   ]
536,536,CC(C)(C)C1CC(NC(=O)NC2CCC(-C3CN4C(N3)SC3CC(OCCN5CCOCC5)CCC34)CC2)NO1,MGANTSRKPPVFDENEDVNFDHFEILRAIGKGSFGKVCIVQKNDTKKMYAMKYMNKQKCVERNEVRNVFKELQIMQGLEHPFLVNLWYSFQDEEDMFMVVDLLLGGDLRYHLQQNVHFKEETVKLFICELVMALDYLQNQRIIHRDMKPDNILLDEHGHVHITDFNIAAMLPRETQITTMAGTKPYMAPEMFSSRKGAGYSFAVDWWSLGVTAYELLRGRRPYHIRSSTSSKEIVHTFETTVVTYPSAWSQEMVSLLKKLLEPNPDQRFSQLSDVQNFPYMNDINWDAVFQKRLIPGFIPNKGRLNCDPTFELEEMILESKPLHKKKKRLAKKEKDMRKCDSSQTCLLQEHLDSVQKEFIIFNREKVNRDFNKRQPNLALEQTKDPQGEDGQNNNL,10000.0,[0. 0. 0. ... 0. 0. 0.],[5.95  4.959 5.455 ... 0.    0.    0.   ]
1521,1521,CN1CCC(C2C(O)CC(O)C3C(=O)CC(-C4CCCCC4CL)OC23)C(O)C1,MWSWKCLLFWAVLVTATLCTARPSPTLPEQAQPWGAPVEVESFLVHPGDLLQLRCRLRDDVQSINWLRDGVQLAESNRTRITGEEVEVQDSVPADSGLYACVTSSPSGSDTTYFSVNVSDALPSSEDDDDDDDSSSEEKETDNTKPNRMPVAPYWTSPEKMEKKLHAVPAAKTVKFKCPSSGTPNPTLRWLKNGKEFKPDHRIGGYKVRYATWSIIMDSVVPSDKGNYTCIVENEYGSINHTYQLDVVERSPHRPILQAGLPANKTVALGSNVEFMCKVYSDPQPHIQWLKHIEVNGSKIGPDNLPYVQILKTAGVNTTDKEMEVLHLRNVSFEDAGEYTCLAGNSIGLSHHSAWLTVLEALEERPAVMTSPLYLEIIIYCTGAFLISCMVGSVIVYKMKSGTKKSDFHSQMAVHKLAKSIPLRRQVTVSADSSASMNSGVLLVRPSRLSSSGTPMLAGVSEYELPEDPRWELPRDRLVLGKPLGEGCFGQVVLAEAIGLDKDKPNRVTKVAVKMLKSDATEKDLSDLISEMEMMKMIGKHKNIINLLGACTQDGPLYVIVEYASKGNLREYLQARRPPGLEYCYNPSHNPEEQLSSKDLVSCAYQVARGMEYLASKKCIHRDLAARNVLVTEDNVMKIADFGLARDIHHIDYYKKTTNGRLPVKWMAPEALFDRIYTHQSDVWSFGVLLWEIFTLGGSPYPGVPVEELFKLLKEGHRMDKPSNCTNELYMMMRDCWHAVPSQRPTFKQLVEDLDRIVALTSNQEYLDLSMPLDQYSPSFPDTRSSTCSSGEDSVFSHEPLPEEPCLPRHPAQLANGGLKRR,10000.0,[0. 0. 0. ... 0. 0. 0.],[7.362 7.975 0.307 ... 0.    0.    0.   ]
506,506,CC(C)(C)C1CC(NC(=O)NC2CCC(-C3CN4C(N3)SC3CC(OCCN5CCOCC5)CCC34)CC2)NO1,MVIMSEFSADPAGQGQGQQKPLRVGFYDIERTLGKGNFAVVKLARHRVTKTQVAIKIIDKTRLDSSNLEKIYREVQLMKLLNHPHIIKLYQVMETKDMLYIVTEFAKNGEMFDYLTSNGHLSENEARKKFWQILSAVEYCHDHHIVHRDLKTENLLLDGNMDIKLADFGFGNFYKSGEPLSTWCGSPPYAAPEVFEGKEYEGPQLDIWSLGVVLYVLVCGSLPFDGPNLPTLRQRVLEGRFRIPFFMSQDCESLIRRMLVVDPARRITIAQIRQHRWMRAEPCLPGPACPAFSAHSYTSNLGDYDEQALGIMQTLGVDRQRTVESLQNSSYNHFAAIYYLLLERLKEYRNAQCARPGPARQPRPRSSDLSGLEVPQEGLSTDPFRPALLCPQPQTLVQSVLQAEMDCELQSSLQWPLFFPVDASCSGVFRPRPVSPSSLLDTAISEEARQGPGLEEEQDTQESLPSSTGRRHTLAEVSTRLSPLTAPCIVVSPSTTASPAEGTSSDSCLTFSASKSPAGLSGTPATQGLLGACSPVRLASPFLGSQSATPVLQAQGGLGGAVLLPVSFQEGRRASDTSLTQGLKAFRQQLRKTTRTKGFLGLNKIKGLARQVCQAPASRASRGGLSPFHAPAQSPGLHGGAAGSREGWSLLEEVLEQQRLLQLQHHPAAAPGCSQAPQPAPAPFVIAPCDGPGAAPLPSTLLTSGLPLLPPPLLQTGASPVASAAQLLDTHLHIGTGPTALPAVPPPRLARLAPGCEPLGLLQGDCEMEDLMPCSLGTFVLVQ,10000.0,[0. 0. 0. ... 0. 0. 0.],[5.614 5.029 4.561 ... 0.    0.    0.   ]
253,253,CC1[NH]NC2CCC(-C3CNCC(OCC(N)CC4CCCCC4)C3)CC12,MLPEAGSLWLLKLLRDIQLAQFYWPILEELNVTRPEHFDFVKPEDLDGIGMGRPAQRRLSEALKRLRSGPKSKNWVYKILGGFAPEHKEPTLPSDSPRHLPEPEGGLKCLIPEGAVCRGELLGSGCFGVVHRGLWTLPSGKSVPVAVKSLRVGPEGPMGTELGDFLREVSVMMNLEHPHVLRLHGLVLGQPLQMVMELAPLGSLHARLTAPAPTPPLLVALLCLFLRQLAGAMAYLGARGLVHRDLATRNLLLASPRTIKVADFGLVRPLGGARGRYVMGGPRPIPYAWCAPESLRHGAFSSASDVWMFGVTLWEMFSGGEEPWAGVPPYLILQRLEDRARLPRPPLCSRALYSLALRCWAPHPADRPSFSHLEGLLQEAGPSEACCVRDVTEPGALRMETGDPITVIEGSSSFHSPDSTIWKGQNGRTFKVGSFPASAVTLADAGGLPATRPVHRGTPARGDQHPGSIDGDRKKANLWDAPPARGQRRNMPLERMKGISRSLESVLSLGPRPTGGGSSPPEIRQARAVPQGPPGLPPRPPLSSSSPQPSQPSRERLPWPKRKPPHNHPMGMPGARKAAALSGGLLSDPELQRKIMEVELSVHGVTHQECQTALGATGGDVVSAIRNLKVDQLFHLSSRSRADCWRILEHYQWDLSAASRYVLARP,10000.0,[0. 0. 0. ... 0. 0. 0.],[5.95  4.959 5.455 ... 0.    0.    0.   ]
1038,1038,O=C(NC1CCNCC1)C1[NH]NCC1NC(=O)C1C(CL)CCCC1CL,MCFSFIMPPAMADILDIWAVDSQIASDGSIPVDFLLPTGIYIQLEVPREATISYIKQMLWKQVHNYPMFNLLMDIDSYMFACVNQTAVYEELEDETRRLCDVRPFLPVLKLVTRSCDPGEKLDSKIGVLIGKGLHEFDSLKDPEVNEFRRKMRKFSEEKILSLVGLSWMDWLKQTYPPEHEPSIPENLEDKLYGGKLIVAVHFENCQDVFSFQVSPNMNPIKVNELAIQKRLTIHGKEDEVSPYDYVLQVSGRVEYVFGDHPLIQFQYIRNCVMNRALPHFILVECCKIKKMYEQEMIAIEAAINRNSSNLPLPLPPKKTRIISHVWENNNPFQIVLVKGNKLNTEETVKVHVRAGLFHGTELLCKTIVSSEVSGKNDHIWNEPLEFDINICDLPRMARLCFAVYAVLDKVKTKKSTKTINPSKYQTIRKAGKVHYPVAWVNTMVFDFKGQLRTGDIILHSWSSFPDELEEMLNPMGTVQTNPYTENATALHVKFPENKKQPYYYPPFDKIIEKAAEIASSDSANVSSRGGKKFLPVLKEILDRDPLSQLCENEMDLIWTLRQDCREIFPQSLPKLLLSIKWNKLEDVAQLQALLQIWPKLPPREALELLDFNYPDQYVREYAVGCLRQMSDEELSQYLLQLVQVLKYEPFLDCALSRFLLERALGNRRIGQFLFWHLRSEVHIPAVSVQFGVILEAYCRGSVGHMKVLSKQVEALNKLKTLNSLIKLNAVKLNRAKGKEAMHTCLKQSAYREALSDLQSPLNPCVILSELYVEKCKYMDSKMKPLWLVYNNKVFGEDSVGVIFKNGDDLRQDMLTLQMLRLMDLLWKEAGLDLRMLPYGCLATGDRSGLIEVVSTSETIADIQLNSSNVAAAAAFNKDALLNWLKEYNSGDDLDRAIEEFTLSCAGYCVASYVLGIGDRHSDNIMVKKTGQLFHIDFGHILGNFKSKFGIKRERVPFILTYDFIHVIQQGKTGNTEKFGRFRQCCEDAYLILRRHGNLFITLFALMLTAGLPELTSVKDIQYLKDSLALGKSEEEALKQFKQKFDEALRESWTTKVNWMAHTVRKDYRS,10000.0,[0. 0. 0. ... 0. 0. 0.],[4.784 3.501 6.418 ... 0.    0.    0.   ]
146,146,CC1[NH]NC2CCC(-C3CNCC(OCC(N)CC4CCCCC4)C3)CC12,MPKKKPTPIQLNPAPDGSAVNGTSSAETNLEALQKKLEELELDEQQRKRLEAFLTQKQKVGELKDDDFEKISELGAGNGGVVFKVSHKPSGLVMARKLIHLEIKPAIRNQIIRELQVLHECNSPYIVGFYGAFYSDGEISICMEHMDGGSLDQVLKKAGRIPEQILGKVSIAVIKGLTYLREKHKIMHRDVKPSNILVNSRGEIKLCDFGVSGQLIDSMANSFVGTRSYMSPERLQGTHYSVQSDIWSMGLSLVEMAVGRYPIPPPDAKELELMFGCQVEGDAAETPPRPRTPGRPLSSYGMDSRPPMAIFELLDYIVNEPPPKLPSGVFSLEFQDFVNKCLIKNPAERADLKQLMVHAFIKRSDAEEVDFAGWLCSTIGLNQPSTPTHAAGV,10000.0,[0. 0. 0. ... 0. 0. 0.],[6.107 4.58  3.308 ... 0.    0.    0.   ]
1756,1756,CNC(=O)C1CCCCC1SC1CCC2C(C=CC3CCCCN3)N[NH]C2C1,MEMYETLGKVGEGSYGTVMKCKHKNTGQIVAIKIFYERPEQSVNKIAMREIKFLKQFHHENLVNLIEVFRQKKKIHLVFEFIDHTVLDELQHYCHGLESKRLRKYLFQILRAIDYLHSNNIIHRDIKPENILVSQSGITKLCDFGFARTLAAPGDIYTDYVATRWYRAPELVLKDTSYGKPVDIWALGCMIIEMATGNPYLPSSSDLDLLHKIVLKVGNLSPHLQNIFSKSPIFAGVVLPQVQHPKNARKKYPKLNGLLADIVHACLQIDPADRISSSDLLHHEYFTRDGFIEKFMPELKAKLLQEAKVNSLIKPKESSKENELRKDERKTVYTNTLLSSSVLGKEIEKEKKPKEIKVRVIKVKGGRGDISEPKKKEYEGGLGQQDANENVHPMSPDTKLVTIEPPNPINPSTNCNGLKENPHCGGSVTMPPINLTNSNLMAANLSSNLFHPSVRLTERAKKRRTSSQSIGQVMPNSRQEDPGPIQSQMEKGIFNERTGHSDQMANENKRKLNFSRSDRKEFHFPELPVTIQSKDTKGMEVKQIKMLKRESKKTESSKIPTLLNVDQNQEKQEGGDGHCEGKNLKRNRFFFW,10000.0,[0. 0. 0. ... 0. 0. 0.],[8.221 3.33  3.434 ... 0.    0.    0.   ]
1604,1604,CN1CCC(C2C(O)CC(O)C3C(=O)CC(-C4CCCCC4CL)OC23)C(O)C1,MSSPPPARSGFYRQEVTKTAWEVRAVYRDLQPVGSGAYGAVCSAVDGRTGAKVAIKKLYRPFQSELFAKRAYRELRLLKHMRHENVIGLLDVFTPDETLDDFTDFYLVMPFMGTDLGKLMKHEKLGEDRIQFLVYQMLKGLRYIHAAGIIHRDLKPGNLAVNEDCELKILDFGLARQADSEMTGYVVTRWYRAPEVILNWMRYTQTVDIWSVGCIMAEMITGKTLFKGSDHLDQLKEIMKVTGTPPAEFVQRLQSDEAKNYMKGLPELEKKDFASILTNASPLAVNLLEKMLVLDAEQRVTAGEALAHPYFESLHDTEDEPQVQKYDDSFDDVDRTLDEWKRVTYKEVLSFKPPRQLGARVSKETPL,10000.0,[0. 0. 0. ... 0. 0. 0.],[5.95  4.959 5.455 ... 0.    0.    0.   ]
1908,1908,CNC(=O)C1CCCCC1SC1CCC2C(C=CC3CCCCN3)N[NH]C2C1,MGNAATAKKGSEVESVKEFLAKAKEDFLKKWENPTQNNAGLEDFERKKTLGTGSFGRVMLVKHKATEQYYAMKILDKQKVVKLKQIEHTLNEKRILQAVNFPFLVRLEYAFKDNSNLYMVMEYVPGGEMFSHLRRIGRFSEPHARFYAAQIVLTFEYLHSLDLIYRDLKPENLLIDHQGYIQVTDFGFAKRVKGRTWTLCGTPEYLAPEIILSKGYNKAVDWWALGVLIYEMAAGYPPFFADQPIQIYEKIVSGKVRFPSHFSSDLKDLLRNLLQVDLTKRFGNLKNGVSDIKTHKWFATTDWIAIYQRKVEAPFIPKFRGSGDTSNFDDYEEEDIRVSITEKCAKEFGEF,10000.0,[0. 0. 0. ... 0. 0. 0.],[6.885 6.557 2.951 ... 0.    0.    0.   ]
877,877,O=C(NC1CCNCC1)C1[NH]NCC1NC(=O)C1C(CL)CCCC1CL,MAALSGGGGGGAEPGQALFNGDMEPEAGAGAGAAASSAADPAIPEEVWNIKQMIKLTQEHIEALLDKFGGEHNPPSIYLEAYEEYTSKLDALQQREQQLLESLGNGTDFSVSSSASMDTVTSSSSSSLSVLPSSLSVFQNPTDVARSNPKSPQKPIVRVFLPNKQRTVVPARCGVTVRDSLKKALMMRGLIPECCAVYRIQDGEKKPIGWDTDISWLTGEELHVEVLENVPLTTHNFVRKTFFTLAFCDFCRKLLFQGFRCQTCGYKFHQRCSTEVPLMCVNYDQLDLLFVSKFFEHHPIPQEEASLAETALTSGSSPSAPASDSIGPQILTSPSPSKSIPIPQPFRPADEDHRNQFGQRDRSSSAPNVHINTIEPVNIDDLIRDQGFRGDGGSTTGLSATPPASLPGSLTNVKALQKSPGPQRERKSSSSSEDRNRMKTLGRRDSSDDWEIPDGQITVGQRIGSGSFGTVYKGKWHGDVAVKMLNVTAPTPQQLQAFKNEVGVLRKTRHVNILLFMGYSTKPQLAIVTQWCEGSSLYHHLHIIETKFEMIKLIDIARQTAQGMDYLHAKSIIHRDLKSNNIFLHEDLTVKIGDFGLATVKSRWSGSHQFEQLSGSILWMAPEVIRMQDKNPYSFQSDVYAFGIVLYELMTGQLPYSNINNRDQIIFMVGRGYLSPDLSKVRSNCPKAMKRLMAECLKKKRDERPLFPQILASIELLARSLPKIHRSASEPSLNRAGFQTEDFSLYACASPKTPIQAGGYGAFPVH,10000.0,[0. 0. 0. ... 0. 0. 0.],[7.239 5.405 3.378 ... 0.    0.    1.   ]
1993,1993,CCC1C(=O)N(C)C2CNC(NC3CCC(C(=O)NC4CCN(C)CC4)CC3OC)NC2N1C1CCCC1,MNEVSVIKEGWLHKRGEYIKTWRPRYFLLKSDGSFIGYKERPEAPDQTLPPLNNFSVAECQLMKTERPRPNTFVIRCLQWTTVIERTFHVDSPDEREEWMRAIQMVANSLKQRAPGEDPMDYKCGSPSDSSTTEEMEVAVSKARAKVTMNDFDYLKLLGKGTFGKVILVREKATGRYYAMKILRKEVIIAKDEVAHTVTESRVLQNTRHPFLTALKYAFQTHDRLCFVMEYANGGELFFHLSRERVFTEERARFYGAEIVSALEYLHSRDVVYRDIKLENLMLDKDGHIKITDFGLCKEGISDGATMKTFCGTPEYLAPEVLEDNDYGRAVDWWGLGVVMYEMMCGRLPFYNQDHERLFELILMEEIRFPRTLSPEAKSLLAGLLKKDPKQRLGGGPSDAKEVMEHRFFLSINWQDVVQKKLLPPFKPQVTSEVDTRYFDDEFTAQSITITPPDRYDSLGLLELDQRTHFPQFSYSASIRE,10000.0,[0. 1. 0. ... 0. 0. 0.],[6.814 4.788 3.499 ... 0.    0.    0.   ]
1060,1060,O=C(NC1CCNCC1)C1[NH]NCC1NC(=O)C1C(CL)CCCC1CL,MATAPSYPAGLPGSPGPGSPPPPGGLELQSPPPLLPQIPAPGSGVSFHIQIGLTREFVLLPAASELAHVKQLACSIVDQKFPECGFYGLYDKILLFKHDPTSANLLQLVRSSGDIQEGDLVEVVLSASATFEDFQIRPHALTVHSYRAPAFCDHCGEMLFGLVRQGLKCDGCGLNYHKRCAFSIPNNCSGARKRRLSSTSLASGHSVRLGTSESLPCTAEELSRSTTELLPRRPPSSSSSSSASSYTGRPIELDKMLLSKVKVPHTFLIHSYTRPTVCQACKKLLKGLFRQGLQCKDCKFNCHKRCATRVPNDCLGEALINGDVPMEEATDFSEADKSALMDESEDSGVIPGSHSENALHASEEEEGEGGKAQSSLGYIPLMRVVQSVRHTTRKSSTTLREGWVVHYSNKDTLRKRHYWRLDCKCITLFQNNTTNRYYKEIPLSEILTVESAQNFSLVPPGTNPHCFEIVTANATYFVGEMPGGTPGGPSGQGAEAARGWETAIRQALMPVILQDAPSAPGHAPHRQASLSISVSNSQIQENVDIATVYQIFPDEVLGSGQFGVVYGGKHRKTGRDVAVKVIDKLRFPTKQESQLRNEVAILQSLRHPGIVNLECMFETPEKVFVVMEKLHGDMLEMILSSEKGRLPERLTKFLITQILVALRHLHFKNIVHCDLKPENVLLASADPFPQVKLCDFGFARIIGEKSFRRSVVGTPAYLAPEVLLNQGYNRSLDMWSVGVIMYVSLSGTFPFNEDEDINDQIQNAAFMYPASPWSHISAGAIDLINNLLQVKMRKRYSVDKSLSHPWLQEYQTWLDLRELEGKMGERYITHESDDVRWEQFAAEHPLPGSGLPTDRDLGGACPPQDHDMQGLAERISVL,10000.0,[0. 0. 0. ... 0. 0. 0.],[5.808 5.082 3.176 ... 0.    0.    0.   ]
710,710,CCN1CCN(CC2CCC(NC(=O)NC3CCC(OC4CC(NC)NCN4)CC3)CC2C(F)(F)F)CC1,MSEESDMDKAIKETSILEEYSINWTQKLGAGISGPVRVCVKKSTQERFALKILLDRPKARNEVRLHMMCATHPNIVQIIEVFANSVQFPHESSPRARLLIVMEMMEGGELFHRISQHRHFTEKQASQVTKQIALALRHCHLLNIAHRDLKPENLLFKDNSLDAPVKLCDFGFAKIDQGDLMTPQFTPYYVAPQVLEAQRRHQKEKSGIIPTSPTPYTYNKSCDLWSLGVIIYVMLCGYPPFYSKHHSRTIPKDMRRKIMTGSFEFPEEEWSQISEMAKDVVRKLLKVKPEERLTIEGVLDHPWLNSTEALDNVLPSAQLMMDKAVVAGIQQAHAEQLANMRIQDLKVSLKPLHSVNNPILRKRKLLGTKPKDSVYIHDHENGAEDSNVALEKLRDVIAQCILPQAGKGENEDEKLNEVMQEAWKYNRECKLLRDTLQSFSWNGRGFTDKVDRLKLAEIVKQVIEEQTTSHESQ,10000.0,[0. 0. 0. ... 0. 0. 0.],[5.237 4.23  5.035 ... 0.    0.    0.   ]
805,805,CCN1CCN(CC2CCC(NC(=O)NC3CCC(OC4CC(NC)NCN4)CC3)CC2C(F)(F)F)CC1,MDLSMKKFAVRRFFSVYLRRKSRSKSSSLSRLEEEGVVKEIDISHHVKEGFEKADPSQFELLKVLGQGSYGKVFLVRKVKGSDAGQLYAMKVLKKATLKVRDRVRSKMERDILAEVNHPFIVKLHYAFQTEGKLYLILDFLRGGDLFTRLSKEVMFTEEDVKFYLAELALALDHLHSLGIIYRDLKPENILLDEEGHIKITDFGLSKEAIDHDKRAYSFCGTIEYMAPEVVNRRGHTQSADWWSFGVLMFEMLTGSLPFQGKDRKETMALILKAKLGMPQFLSGEAQSLLRALFKRNPCNRLGAGIDGVEEIKRHPFFVTIDWNTLYRKEIKPPFKPAVGRPEDTFHFDPEFTARTPTDSPGVPPSANAHHLFRGFSFVASSLIQEPSQQDLHKVPVHPIVQQLHGNNIHFTDGYEIKEDIGVGSYSVCKRCVHKATDTEYAVKIIDKSKRDPSEEIEILLRYGQHPNIITLKDVYDDGKFVYLVMELMRGGELLDRILRQRYFSEREASDVLCTITKTMDYLHSQGVVHRDLKPSNILYRDESGSPESIRVCDFGFAKQLRAGNGLLMTPCYTANFVAPEVLKRQGYDAACDIWSLGILLYTMLAGFTPFANGPDDTPEEILARIGSGKYALSGGNWDSISDAAKDVVSKMLHVDPHQRLTAMQVLKHPWVVNREYLSPNQLSRQDVHLVKGAMAATYFALNRTPQAPRLEPVLSSNLAQRRGMKRLTSTRL,10000.0,[0. 0. 0. ... 0. 0. 0.],[7.143 8.374 1.97  ... 0.    0.    0.   ]
1741,1741,CNC(=O)C1CCCCC1SC1CCC2C(C=CC3CCCCN3)N[NH]C2C1,MATTVTCTRFTDEYQLYEDIGKGAFSVVRRCVKLCTGHEYAAKIINTKKLSARDHQKLEREARICRLLKHSNIVRLHDSISEEGFHYLVFDLVTGGELFEDIVAREYYSEADASHCIQQILEAVLHCHQMGVVHRDLKPENLLLASKCKGAAVKLADFGLAIEVQGDQQAWFGFAGTPGYLSPEVLRKEAYGKPVDIWACGVILYILLVGYPPFWDEDQHKLYQQIKAGAYDFPSPEWDTVTPEAKNLINQMLTINPAKRITAHEALKHPWVCQRSTVASMMHRQETVECLKKFNARRKLKGAILTTMLATRNFSVGRQTTAPATMSTAASGTTMGLVEQAKSLLNKKADGVKPQTNSTKNSAAATSPKGTLPPAALEPQTTVIHNPVDGIKESSDSANTTIEDEDAKAPRVPDILSSVRRGSGAPEAEGPLPCPSPAPFSPLPAPSPRISDILNSVRRGSGTPEAEGPLSAGPPPCLSPALLGPLSSPSPRISDILNSVRRGSGTPEAEGPSPVGPPPCPSPTIPGPLPTPSRKQEIIKTTEQLIEAVNNGDFEAYAKICDPGLTSFEPEALGNLVEGMDFHRFYFENLLAKNSKPIHTTILNPHVHVIGEDAACIAYIRLTQYIDGQGRPRTSQSEETRVWHRRDGKWQNVHFHCSGAPVAPLQ,10000.0,[0. 0. 0. ... 0. 0. 0.],[4.946 4.698 4.055 ... 0.    0.    1.   ]
1836,1836,CNC(=O)C1CCCCC1SC1CCC2C(C=CC3CCCCN3)N[NH]C2C1,MDDQQALNSIMQDLAVLHKASRPALSLQETRKAKSSSPKKQNDVRVKFEHRGEKRILQFPRPVKLEDLRSKAKIAFGQSMDLHYTNNELVIPLTTQDDLDKAVELLDRSIHMKSLKILLVINGSTQATNLEPLPSLEDLDNTVFGAERKKRLSIIGPTSRDRSSPPPGYIPDELHQVARNGSFTSINSEGEFIPESMDQMLDPLSLSSPENSGSGSCPSLDSPLDGESYPKSRMPRAQSYPDNHQEFSDYDNPIFEKFGKGGTYPRRYHVSYHHQEYNDGRKTFPRARRTQGTSLRSPVSFSPTDHSLSTSSGSSIFTPEYDDSRIRRRGSDIDNPTLTVMDISPPSRSPRAPTNWRLGKLLGQGAFGRVYLCYDVDTGRELAVKQVQFDPDSPETSKEVNALECEIQLLKNLLHERIVQYYGCLRDPQEKTLSIFMEYMPGGSIKDQLKAYGALTENVTRKYTRQILEGVHYLHSNMIVHRDIKGANILRDSTGNVKLGDFGASKRLQTICLSGTGMKSVTGTPYWMSPEVISGEGYGRKADIWSVACTVVEMLTEKPPWAEFEAMAAIFKIATQPTNPKLPPHVSDYTRDFLKRIFVEAKLRPSADELLRHMFVHYH,10000.0,[0. 0. 0. ... 0. 0. 0.],[7.582 5.43  2.869 ... 0.    0.    0.   ]
1046,1046,O=C(NC1CCNCC1)C1[NH]NCC1NC(=O)C1C(CL)CCCC1CL,MGNAAAAKKGSEQESVKEFLAKAKEDFLKKWESPAQNTAHLDQFERIKTLGTGSFGRVMLVKHKETGNHYAMKILDKQKVVKLKQIEHTLNEKRILQAVNFPFLVKLEFSFKDNSNLYMVMEYVPGGEMFSHLRRIGRFSEPHARFYAAQIVLTFEYLHSLDLIYRDLKPENLLIDQQGYIQVTDFGFAKRVKGRTWTLCGTPEYLAPEIILSKGYNKAVDWWALGVLIYEMAAGYPPFFADQPIQIYEKIVSGKVRFPSHFSSDLKDLLRNLLQVDLTKRFGNLKNGVNDIKNHKWFATTDWIAIYQRKVEAPFIPKFKGPGDTSNFDDYEEEEIRVSINEKCGKEFSEF,10000.0,[0. 1. 0. ... 0. 0. 0.],[4.91  7.494 3.101 ... 0.    0.    0.   ]
1005,1005,O=C(NC1CCNCC1)C1[NH]NCC1NC(=O)C1C(CL)CCCC1CL,METVQLRNPPRRQLKKLDEDSLTKQPEEVFDVLEKLGEGSYGSVYKAIHKETGQIVAIKQVPVESDLQEIIKEISIMQQCDSPHVVKYYGSYFKNTDLWIVMEYCGAGSVSDIIRLRNKTLTEDEIATILQSTLKGLEYLHFMRKIHRDIKAGNILLNTEGHAKLADFGVAGQLTDTMAKRNTVIGTPFWMAPEVIQEIGYNCVADIWSLGITAIEMAEGKPPYADIHPMRAIFMIPTNPPPTFRKPELWSDNFTDFVKQCLVKSPEQRATATQLLQHPFVRSAKGVSILRDLINEAMDVKLKRQESQQREVDQDDEENSEEDEMDSGTMVRAVGDEMGTVRVASTMTDGANTMIEHDDTLPSQLGTMVINAEDEEEEGTMKRRDETMQPAKPSFLEYFEQKEKENQINSFGKSVPGPLKNSSDWKIPQDGDYEFLKSWTVEDLQKRLLALDPMMEQEIEEIRQKYQSKRQPILDAIEAKKRRQQNF,10000.0,[0. 0. 0. ... 0. 0. 0.],[5.237 4.23  5.035 ... 0.    0.    0.   ]
1525,1525,CN1CCC(C2C(O)CC(O)C3C(=O)CC(-C4CCCCC4CL)OC23)C(O)C1,MVSYWDTGVLLCALLSCLLLTGSSSGSKLKDPELSLKGTQHIMQAGQTLHLQCRGEAAHKWSLPEMVSKESERLSITKSACGRNGKQFCSTLTLNTAQANHTGFYSCKYLAVPTSKKKETESAIYIFISDTGRPFVEMYSEIPEIIHMTEGRELVIPCRVTSPNITVTLKKFPLDTLIPDGKRIIWDSRKGFIISNATYKEIGLLTCEATVNGHLYKTNYLTHRQTNTIIDVQISTPRPVKLLRGHTLVLNCTATTPLNTRVQMTWSYPDEKNKRASVRRRIDQSNSHANIFYSVLTIDKMQNKDKGLYTCRVRSGPSFKSVNTSVHIYDKAFITVKHRKQQVLETVAGKRSYRLSMKVKAFPSPEVVWLKDGLPATEKSARYLTRGYSLIIKDVTEEDAGNYTILLSIKQSNVFKNLTATLIVNVKPQIYEKAVSSFPDPALYPLGSRQILTCTAYGIPQPTIKWFWHPCNHNHSEARCDFCSNNEESFILDADSNMGNRIESITQRMAIIEGKNKMASTLVVADSRISGIYICIASNKVGTVGRNISFYITDVPNGFHVNLEKMPTEGEDLKLSCTVNKFLYRDVTWILLRTVNNRTMHYSISKQKMAITKEHSITLNLTIMNVSLQDSGTYACRARNVYTGEEILQKKEITIRDQEAPYLLRNLSDHTVAISSSTTLDCHANGVPEPQITWFKNNHKIQQEPGIILGPGSSTLFIERVTEEDEGVYHCKATNQKGSVESSAYLTVQGTSDKSNLELITLTCTCVAATLFWLLLTLFIRKMKRSSSEIKTDYLSIIMDPDEVPLDEQCERLPYDASKWEFARERLKLGKSLGRGAFGKVVQASAFGIKKSPTCRTVAVKMLKEGATASEYKALMTELKILTHIGHHLNVVNLLGACTKQGGPLMVIVEYCKYGNLSNYLKSKRDLFFLNKDAALHMEPKKEKMEPGLEQGKKPRLDSVTSSESFASSGFQEDKSLSDVEEEEDSDGFYKEPITMEDLISYSFQVARGMEFLSSRKCIHRDLAARNILLSENNVVKICDFGLARDIYKNPDYVRKGDTRLPLKWMAPESIFDKIYSTKSDVWSYGVLLWEIFSLGGSPYPGVQMDEDFCSRLREGMRMRAPEYSTPEIYQIMLDCWHRDPKERPRFAELVEKLGDLLQANVQQDGKDYIPINAILTGNSGFTYSTPAFSEDFFKESISAPKFNSGSSDDVRYVNAFKFMSLERIKTFEELLPNATSMFDDYQGDSSTLLASPMLKRFTWTDSKPKASLKIDLRVTSKSKESGLSDVSRPSFCHSSCGHVSEGKRRFTYDHAELERKIACCSPPPDYNSVVLYSTPPI,10000.0,[0. 0. 0. ... 0. 0. 0.],[5.232 5.082 4.335 ... 1.    0.    0.   ]
1695,1695,CN1CCC(C2C(O)CC(O)C3C(=O)CC(-C4CCCCC4CL)OC23)C(O)C1,MEPGRGGTETVGKFEFSRKDLIGHGAFAVVFKGRHREKHDLEVAVKCINKKNLAKSQTLLGKEIKILKELKHENIVALYDFQEMANSVYLVMEYCNGGDLADYLHAMRTLSEDTIRLFLQQIAGAMRLLHSKGIIHRDLKPQNILLSNPAGRRANPNSIRVKIADFGFARYLQSNMMAATLCGSPMYMAPEVIMSQHYDGKADLWSIGTIVYQCLTGKAPFQASSPQDLRLFYEKNKTLVPTIPRETSAPLRQLLLALLQRNHKDRMDFDEFFHHPFLDASPSVRKSPPVPVPSYPSSGSGSSSSSSSTSHLASPPSLGEMQQLQKTLASPADTAGFLHSSRDSGGSKDSSCDTDDFVMVPAQFPGDLVAEAPSAKPPPDSLMCSGSSLVASAGLESHGRTPSPSPPCSSSPSPSGRAGPFSSSRCGASVPIPVPTQVQNYQRIERNLQSPTQFQTPRSSAIRRSGSTSPLGFARASPSPPAHAEHGGVLARKMSLGGGRPYTPSPQVGTIPERPGWSGTPSPQGAEMRGGRSPRPGSSAPEHSPRTSGLGCRLHSAPNLSDLHVVRPKLPKPPTDPLGAVFSPPQASPPQPSHGLQSCRNLRGSPKLPDFLQRNPLPPILGSPTKAVPSFDFPKTPSSQNLLALLARQGVVMTPPRNRTLPDLSEVGPFHGQPLGPGLRPGEDPKGPFGRSFSTSRLTDLLLKAAFGTQAPDPGSTESLQEKPMEIAPSAGFGGSLHPGARAGGTSSPSPVVFTVGSPPSGSTPPQGPRTRMFSAGPTGSASSSARHLVPGPCSEAPAPELPAPGHGCSFADPITANLEGAVTFEAPDLPEETLMEQEHTEILRGLRFTLLFVQHVLEIAALKGSASEAAGGPEYQLQESVVADQISLLSREWGFAEQLVLYLKVAELLSSGLQSAIDQIRAGKLCLSSTVKQVVRRLNELYKASVVSCQGLSLRLQRFFLDKQRLLDRIHSITAERLIFSHAVQMVQSAALDEMFQHREGCVPRYHKALLLLEGLQHMLSDQADIENVTKCKLCIERRLSALLTGICA,10000.0,[0. 0. 0. ... 0. 0. 0.],[6.575 4.932 2.192 ... 0.    0.    0.   ]
1618,1618,CN1CCC(C2C(O)CC(O)C3C(=O)CC(-C4CCCCC4CL)OC23)C(O)C1,MAYSWQTDPNPNESHEKQYEHQEFLFVNQPHSSSQVSLGFDQIVDEISGKIPHYESEIDENTFFVPTAPKWDSTGHSLNEAHQISLNEFTSKSRELSWHQVSKAPAIGFSPSVLPKPQNTNKECSWGSPIGKHHGADDSRFSILAPSFTSLDKINLEKELENENHNYHIGFESSIPPTNSSFSSDFMPKEENKRSGHVNIVEPSLMLLKGSLQPGMWESTWQKNIESIGCSIQLVEVPQSSNTSLASFCNKVKKIRERYHAADVNFNSGKIWSTTTAFPYQLFSKTKFNIHIFIDNSTQPLHFMPCANYLVKDLIAEILHFCTNDQLLPKDHILSVCGSEEFLQNDHCLGSHKMFQKDKSVIQLHLQKSREAPGKLSRKHEEDHSQFYLNQLLEFMHIWKVSRQCLLTLIRKYDFHLKYLLKTQENVYNIIEEVKKICSVLGCVETKQITDAVNELSLILQRKGENFYQSSETSAKGLIEKVTTELSTSIYQLINVYCNSFYADFQPVNVPRCTSYLNPGLPSHLSFTVYAAHNIPETWVHRINFPLEIKSLPRESMLTVKLFGIACATNNANLLAWTCLPLFPKEKSILGSMLFSMTLQSEPPVEMITPGVWDVSQPSPVTLQIDFPATGWEYMKPDSEENRSNLEEPLKECIKHIARLSQKQTPLLLSEEKKRYLWFYRFYCNNENCSLPLVLGSAPGWDERTVSEMHTILRRWTFSQPLEALGLLTSSFPDQEIRKVAVQQLDNLLNDELLEYLPQLVQAVKFEWNLESPLVQLLLHRSLQSIQVAHRLYWLLKNAENEAYFKSWYQKLLAALQFCAGKALNDEFSKEQKLIKILGDIGERVKSASDHQRQEVLKKEIGRLEEFFQDVNTCHLPLNPALCIKGIDHDACSYFTSNALPLKITFINANPMGKNISIIFKAGDDLRQDMLVLQLIQVMDNIWLQEGLDMQMIIYRCLSTGKDQGLVQMVPDAVTLAKIHRHSGLIGPLKENTIKKWFSQHNHLKADYEKALRNFFYSCAGWCVVTFILGVCDRHNDNIMLTKSGHMFHIDFGKFLGHAQTFGGIKRDRAPFIFTSEMEYFITEGGKNPQHFQDFVELCCRAYNIIRKHSQLLLNLLEMMLYAGLPELSGIQDLKYVYNNLRPQDTDLEATSHFTKKIKESLECFPVKLNNLIHTLAQMSAISPAKSTSQTFPQESCLLSTTRSIERATILGFSKKSSNLYLIQVTHSNNETSLTEKSFEQFSKLHSQLQKQFASLTLPEFPHWWHLPFTNSDHRRFRDLNHYMEQILNVSHEVTNSDCVLSFFLSEAVQQTVEESSPVYLGEKFPDKKPKVQLVISYEDVKLTILVKHMKNIHLPDGSAPSAHVEFYLLPYPSEVRRRKTKSVPKCTDPTYNEIVVYDEVTELQGHVLMLIVKSKTVFVGAINIRLCSVPLDKEKWYPLGNSII,10000.0,[0. 0. 0. ... 0. 0. 0.],[6.445 5.469 3.32  ... 0.    0.    1.   ]
2050,2050,CCC1C(=O)N(C)C2CNC(NC3CCC(C(=O)NC4CCN(C)CC4)CC3OC)NC2N1C1CCCC1,MAVPPGHGPFSGFPGPQEHTQVLPDVRLLPRRLPLAFRDATSAPLRKLSVDLIKTYKHINEVYYAKKKRRAQQAPPQDSSNKKEKKVLNHGYDDDNHDYIVRSGERWLERYEIDSLIGKGSFGQVVKAYDHQTQELVAIKIIKNKKAFLNQAQIELRLLELMNQHDTEMKYYIVHLKRHFMFRNHLCLVFELLSYNLYDLLRNTHFRGVSLNLTRKLAQQLCTALLFLATPELSIIHCDLKPENILLCNPKRSAIKIVDFGSSCQLGQRIYQYIQSRFYRSPEVLLGTPYDLAIDMWSLGCILVEMHTGEPLFSGSNEVDQMNRIVEVLGIPPAAMLDQAPKARKYFERLPGGGWTLRRTKELRKDYQGPGTRRLQEVLGVQTGGPGGRRAGEPGHSPADYLRFQDLVLRMLEYEPAARISPLGALQHGFFRRTADEATNTGPAGSSASTSPAPLDTCPSSSTASSISSSGGSSGSSSDNRTYRYSNRYCGGPGPPITDCEMNSPQVPPSQPLRPWAGGDVPHKTHQAPASASSLPGTGAQLPPQPRYLGRPPSPTSPPPPELMDVSLVGGPADCSPPHPAPAPQHPAASALRTRMTGGRPPLPPPDDPATLGPHLGLRGVPQSTAASS,10000.0,[0. 1. 1. ... 0. 0. 0.],[7.642 8.297 3.275 ... 0.    0.    0.   ]
1223,1223,CN(C)CC=CC(=O)NC1CC2C(NC3CCC(F)C(CL)C3)NCNC2CC1OC1CCOC1,MWSWKCLLFWAVLVTATLCTARPSPTLPEQAQPWGAPVEVESFLVHPGDLLQLRCRLRDDVQSINWLRDGVQLAESNRTRITGEEVEVQDSVPADSGLYACVTSSPSGSDTTYFSVNVSDALPSSEDDDDDDDSSSEEKETDNTKPNRMPVAPYWTSPEKMEKKLHAVPAAKTVKFKCPSSGTPNPTLRWLKNGKEFKPDHRIGGYKVRYATWSIIMDSVVPSDKGNYTCIVENEYGSINHTYQLDVVERSPHRPILQAGLPANKTVALGSNVEFMCKVYSDPQPHIQWLKHIEVNGSKIGPDNLPYVQILKTAGVNTTDKEMEVLHLRNVSFEDAGEYTCLAGNSIGLSHHSAWLTVLEALEERPAVMTSPLYLEIIIYCTGAFLISCMVGSVIVYKMKSGTKKSDFHSQMAVHKLAKSIPLRRQVTVSADSSASMNSGVLLVRPSRLSSSGTPMLAGVSEYELPEDPRWELPRDRLVLGKPLGEGCFGQVVLAEAIGLDKDKPNRVTKVAVKMLKSDATEKDLSDLISEMEMMKMIGKHKNIINLLGACTQDGPLYVIVEYASKGNLREYLQARRPPGLEYCYNPSHNPEEQLSSKDLVSCAYQVARGMEYLASKKCIHRDLAARNVLVTEDNVMKIADFGLARDIHHIDYYKKTTNGRLPVKWMAPEALFDRIYTHQSDVWSFGVLLWEIFTLGGSPYPGVPVEELFKLLKEGHRMDKPSNCTNELYMMMRDCWHAVPSQRPTFKQLVEDLDRIVALTSNQEYLDLSMPLDQYSPSFPDTRSSTCSSGEDSVFSHEPLPEEPCLPRHPAQLANGGLKRR,10000.0,[0. 0. 0. ... 0. 0. 0.],[8.483 5.827 3.599 ... 0.    0.    0.   ]
1072,1072,O=C(NC1CCNCC1)C1[NH]NCC1NC(=O)C1C(CL)CCCC1CL,MEGDGGTPWALALLRTFDAGEFTGWEKVGSGGFGQVYKVRHVHWKTWLAIKCSPSLHVDDRERMELLEEAKKMEMAKFRYILPVYGICREPVGLVMEYMETGSLEKLLASEPLPWDLRFRIIHETAVGMNFLHCMAPPLLHLDLKPANILLDAHYHVKISDFGLAKCNGLSHSHDLSMDGLFGTIAYLPPERIREKSRLFDTKHDVYSFAIVIWGVLTQKKPFADEKNILHIMVKVVKGHRPELPPVCRARPRACSHLIRLMQRCWQGDPRVRPTFQEITSETEDLCEKPDDEVKETAHDLDVKSPPEPRSEVVPARLKRASAPTFDNDYSLSELLSQLDSGVSQAVEGPEELSRSSSESKLPSSGSGKRLSGVSSVDSAFSSRGSLSLSFEREPSTSDLGTTDVQKKKLVDAIVSGDTSKLMKILQPQDVDLALDSGASLLHLAVEAGQEECAKWLLLNNANPNLSNRRGSTPLHMAVERRVRGVVELLLARKISVNAKDEDQWTALHFAAQNGDESSTRLLLEKNASVNEVDFEGRTPMHVACQHGQENIVRILLRRGVDVSLQGKDAWLPLHYAAWQGHLPIVKLLAKQPGVSVNAQTLDGRTPLHLAAQRGHYRVARILIDLCSDVNVCSLLAQTPLHVAAETGHTSTARLLLHRGAGKKAVTSDGYTALHLAARNGHLATVKLLVEEKADVLARGPLNQTALHLAAAHGHSEVVEELVSADVIDLFDEQGLSALHLAAQGRHAQTVETLLRHGAHINLQSLKFQGGHGPAATLLRRSKT,10000.0,[0. 1. 0. ... 0. 0. 0.],[4.202 5.252 4.832 ... 0.    1.    0.   ]
1305,1305,CN(C)CC=CC(=O)NC1CC2C(NC3CCC(F)C(CL)C3)NCNC2CC1OC1CCOC1,MPLAAYCYLRVVGKGSYGEVTLVKHRRDGKQYVIKKLNLRNASSRERRAAEQEAQLLSQLKHPNIVTYKESWEGGDGLLYIVMGFCEGGDLYRKLKEQKGQLLPENQVVEWFVQIAMALQYLHEKHILHRDLKTQNVFLTRTNIIKVGDLGIARVLENHCDMASTLIGTPYYMSPELFSNKPYNYKSDVWALGCCVYEMATLKHAFNAKDMNSLVYRIIEGKLPPMPRDYSPELAELIRTMLSKRPEERPSVRSILRQPYIKRQISFFLEATKIKTSKNNIKNGDSQSKPFATVVSGEAESNHEVIHPQPLSSEGSQTYIMGEGKCLSQEKPRASGLLKSPASLKAHTCKQDLSNTTELATISSVNIDILPAKGRDSVSDGFVQENQPRYLDASNELGGICSISQVEEEMLQDNTKSSAQPENLIPMWSSDIVTGEKNEPVKPLQPLKKKK,10000.0,[0. 0. 0. ... 0. 0. 0.],[5.635 4.098 5.533 ... 0.    0.    0.   ]
2070,2070,CCC1C(=O)N(C)C2CNC(NC3CCC(C(=O)NC4CCN(C)CC4)CC3OC)NC2N1C1CCCC1,MCTVVDPRIVRRYLLRRQLGQGAYGIVWKAVDRRTGEVVAIKKIFDAFRDKTDAQRTFREITLLQEFGDHPNIISLLDVIRAENDRDIYLVFEFMDTDLNAVIRKGGLLQDVHVRSIFYQLLRATRFLHSGHVVHRDQKPSNVLLDANCTVKLCDFGLARSLGDLPEGPEDQAVTEYVATRWYRAPEVLLSSHRYTLGVDMWSLGCILGEMLRGRPLFPGTSTLHQLELILETIPPPSEEDLLALGSGCRASVLHQLGSRPRQTLDALLPPDTSPEALDLLRRLLVFAPDKRLSATQALQHPYVQRFHCPSDEWAREADVRPRAHEGVQLSVPEYRSRVYQMILECGGSSGTSREKGPEGVSPSQAHLHKPRADPQLPSRTPVQGPRPRPQSSPGHDPAEHESPRAAKNVPRQNSAPLLQTALLGNGERPPGAKEAPPLTLSLVKPSGRGAAPSLTSQAAAQVANQALIRGDWNRGGGVRVASVQQVPPRLPPEARPGRRMFSTSALQGAQGGARALLGGYSQAYGTVCHSALGHLPLLEGHHV,10000.0,[0. 0. 0. ... 0. 0. 0.],[5.499 4.277 4.277 ... 0.    0.    0.   ]
1268,1268,CN(C)CC=CC(=O)NC1CC2C(NC3CCC(F)C(CL)C3)NCNC2CC1OC1CCOC1,MREAAAALVPPPAFAVTPAAAMEEPPPPPPPPPPPPEPETESEPECCLAARQEGTLGDSACKSPESDLEDFSDETNTENLYGTSPPSTPRQMKRMSTKHQRNNVGRPASRSNLKEKMNAPNQPPHKDTGKTVENVEEYSYKQEKKIRAALRTTERDRKKNVQCSFMLDSVGGSLPKKSIPDVDLNKPYLSLGCSNAKLPVSVPMPIARPARQTSRTDCPADRLKFFETLRLLLKLTSVSKKKDREQRGQENTSGFWLNRSNELIWLELQAWHAGRTINDQDFFLYTARQAIPDIINEILTFKVDYGSFAFVRDRAGFNGTSVEGQCKATPGTKIVGYSTHHEHLQRQRVSFEQVKRIMELLEYIEALYPSLQALQKDYEKYAAKDFQDRVQALCLWLNITKDLNQKLRIMGTVLGIKNLSDIGWPVFEIPSPRPSKGNEPEYEGDDTEGELKELESSTDESEEEQISDPRVPEIRQPIDNSFDIQSRDCISKKLERLESEDDSLGWGAPDWSTEAGFSRHCLTSIYRPFVDKALKQMGLRKLILRLHKLMDGSLQRARIALVKNDRPVEFSEFPDPMWGSDYVQLSRTPPSSEEKCSAVSWEELKAMDLPSFEPAFLVLCRVLLNVIHECLKLRLEQRPAGEPSLLSIKQLVRECKEVLKGGLLMKQYYQFMLQEVLEDLEKPDCNIDAFEEDLHKMLMVYFDYMRSWIQMLQQLPQASHSLKNLLEEEWNFTKEITHYIRGGEAQAGKLFCDIAGMLLKSTGSFLEFGLQESCAEFWTSADDSSASDEIRRSVIEISRALKELFHEARERASKALGFAKMLRKDLEIAAEFRLSAPVRDLLDVLKSKQYVKVQIPGLENLQMFVPDTLAEEKSIILQLLNAAAGKDCSKDSDDVLIDAYLLLTKHGDRARDSEDSWGTWEAQPVKVVPQVETVDTLRSMQVDNLLLVVMQSAHLTIQRKAFQQSIEGLMTLCQEQTSSQPVIAKALQQLKNDALELCNRISNAIDRVDHMFTSEFDAEVDESESVTLQQYYREAMIQGYNFGFEYHKEVVRLMSGEFRQKIGDKYISFARKWMNYVLTKCESGRGTRPRWATQGFDFLQAIEPAFISALPEDDFLSLQALMNECIGHVIGKPHSPVTGLYLAIHRNSPRPMKVPRCHSDPPNPHLIIPTPEGFSTRSMPSDARSHGSPAAAAAAAAAAVAASRPSPSGGDSVLPKSISSAHDTRGSSVPENDRLASIAAELQFRSLSRHSSPTEERDEPAYPRGDSSGSTRRSWELRTLISQSKDTASKLGPIEAIQKSVRLFEEKRYREMRRKNIIGQVCDTPKSYDNVMHVGLRKVTFKWQRGNKIGEGQYGKVYTCISVDTGELMAMKEIRFQPNDHKTIKETADELKIFEGIKHPNLVRYFGVELHREEMYIFMEYCDEGTLEEVSRLGLQEHVIRLYSKQITIAINVLHEHGIVHRDIKGANIFLTSSGLIKLGDFGCSVKLKNNAQTMPGEVNSTLGTAAYMAPEVITRAKGEGHGRAADIWSLGCVVIEMVTGKRPWHEYEHNFQIMYKVGMGHKPPIPERLSPEGKDFLSHCLESDPKMRWTASQLLDHSFVKVCTDEE,10000.0,[0. 0. 0. ... 0. 0. 0.],[8.696 5.263 3.051 ... 0.    0.    0.   ]
895,895,O=C(NC1CCNCC1)C1[NH]NCC1NC(=O)C1C(CL)CCCC1CL,MDYDFKVKLSSERERVEDLFEYEGCKVGRGTYGHVYKAKRKDGKDDKDYALKQIEGTGISMSACREIALLRELKHPNVISLQKVFLSHADRKVWLLFDYAEHDLWHIIKFHRASKANKKPVQLPRGMVKSLLYQILDGIHYLHANWVLHRDLKPANILVMGEGPERGRVKIADMGFARLFNSPLKPLADLDPVVVTFWYRAPELLLGARHYTKAIDIWAIGCIFAELLTSEPIFHCRQEDIKTSNPYHHDQLDRIFNVMGFPADKDWEDIKKMPEHSTLMKDFRRNTYTNCSLIKYMEKHKVKPDSKAFHLLQKLLTMDPIKRITSEQAMQDPYFLEDPLPTSDVFAGCQIPYPKREFLTEEEPDDKGDKKNQQQQQGNNHTNGTGHPGNQDSSHTQGPPLKKVRVVPPTTTSGGLIMTSDYQRSNPHAAYPNPGPSTSQPQSSMGYSATSQQPPQYSHQTHRY,10000.0,[0. 1. 0. ... 0. 0. 0.],[5.237 4.23  5.035 ... 0.    0.    0.   ]
1338,1338,CN(C)CC=CC(=O)NC1CC2C(NC3CCC(F)C(CL)C3)NCNC2CC1OC1CCOC1,MLERPPALAMPMPTEGTPPPLSGTPIPVPAYFRHAEPGFSLKRPRGLSRSLPPPPPAKGSIPISRLFPPRTPGWHQLQPRRVSFRGEASETLQSPGYDPSRPESFFQQSFQRLSRLGHGSYGEVFKVRSKEDGRLYAVKRSMSPFRGPKDRARKLAEVGSHEKVGQHPCCVRLEQAWEEGGILYLQTELCGPSLQQHCEAWGASLPEAQVWGYLRDTLLALAHLHSQGLVHLDVKPANIFLGPRGRCKLGDFGLLVELGTAGAGEVQEGDPRYMAPELLQGSYGTAADVFSLGLTILEVACNMELPHGGEGWQQLRQGYLPPEFTAGLSSELRSVLVMMLEPDPKLRATAEALLALPVLRQPRAWGVLWCMAAEALSRGWALWQALLALLCWLWHGLAHPASWLQPLGPPATPPGSPPCSLLLDSSLSSNWDDDSLGPSLSPEAVLARTVGSTSTPRSRCTPRDALDLSDINSEPPRGSFPSFEPRNLLSLFEDTLDPT,10000.0,[0. 0. 0. ... 0. 0. 0.],[5.363 7.093 3.633 ... 0.    0.    0.   ]
1041,1041,O=C(NC1CCNCC1)C1[NH]NCC1NC(=O)C1C(CL)CCCC1CL,MGDTVVEPAPLKPTSEPTSGPPGNNGGSLLSVITEGVGELSVIDPEVAQKACQEVLEKVKLLHGGVAVSSRGTPLELVNGDGVDSEIRCLDDPPAQIREEEDEMGAAVASGTAKGARRRRQNNSAKQSWLLRLFESKLFDISMAISYLYNSKEPGVQAYIGNRLFCFRNEDVDFYLPQLLNMYIHMDEDVGDAIKPYIVHRCRQSINFSLQCALLLGAYSSDMHISTQRHSRGTKLRKLILSDELKPAHRKRELPSLSPAPDTGLSPSKRTHQRSKSDATASISLSSNLKRTASNPKVENEDEELSSSTESIDNSFSSPVRLAPEREFIKSLMAIGKRLATLPTKEQKTQRLISELSLLNHKLPARVWLPTAGFDHHVVRVPHTQAVVLNSKDKAPYLIYVEVLECENFDTTSVPARIPENRIRSTRSVENLPECGITHEQRAGSFSTVPNYDNDDEAWSVDDIGELQVELPEVHTNSCDNISQFSVDSITSQESKEPVFIAAGDIRRRLSEQLAHTPTAFKRDPEDPSAVALKEPWQEKVRRIREGSPYGHLPNWRLLSVIVKCGDDLRQELLAFQVLKQLQSIWEQERVPLWIKPYKILVISADSGMIEPVVNAVSIHQVKKQSQLSLLDYFLQEHGSYTTEAFLSAQRNFVQSCAGYCLVCYLLQVKDRHNGNILLDAEGHIIHIDFGFILSSSPRNLGFETSAFKLTTEFVDVMGGLDGDMFNYYKMLMLQGLIAARKHMDKVVQIVEIMQQGSQLPCFHGSSTIRNLKERFHMSMTEEQLQLLVEQMVDGSMRSITTKLYDGFQYLTNGIM,10000.0,[0. 0. 0. ... 0. 0. 0.],[5.635 4.098 5.533 ... 0.    0.    0.   ]
769,769,CCN1CCN(CC2CCC(NC(=O)NC3CCC(OC4CC(NC)NCN4)CC3)CC2C(F)(F)F)CC1,MLLSKFGSLAHLCGPGGVDHLPVKILQPAKADKESFEKAYQVGAVLGSGGFGTVYAGSRIADGLPVAVKHVVKERVTEWGSLGGATVPLEVVLLRKVGAAGGARGVIRLLDWFERPDGFLLVLERPEPAQDLFDFITERGALDEPLARRFFAQVLAAVRHCHSCGVVHRDIKDENLLVDLRSGELKLIDFGSGALLKDTVYTDFDGTRVYSPPEWIRYHRYHGRSATVWSLGVLLYDMVCGDIPFEQDEEILRGRLLFRRRVSPECQQLIRWCLSLRPSERPSLDQIAAHPWMLGADGGVPESCDLRLCTLDPDDVASTTSSSESL,10000.0,[0. 0. 0. ... 0. 0. 0.],[4.564 4.295 3.624 ... 0.    0.    0.   ]
1176,1176,CN(C)CC=CC(=O)NC1CC2C(NC3CCC(F)C(CL)C3)NCNC2CC1OC1CCOC1,MPVLSARRRELADHAGSGRRSGPSPTARSGPHLSALRAQPARAAHLSGRGTYVRRDTAGGGPGQARPLGPPGTSLLGRGARRSGEGWCPGAFESGARAARPPSRVEPRLATAASREGAGLPRAEVAAGSGRGARSGEWGLAAAGAWETMHHCKRYRSPEPDPYLSYRWKRRRSYSREHEGRLRYPSRREPPPRRSRSRSHDRLPYQRRYRERRDSDTYRCEERSPSFGEDYYGPSRSRHRRRSRERGPYRTRKHAHHCHKRRTRSCSSASSRSQQSSKRSSRSVEDDKEGHLVCRIGDWLQERYEIVGNLGEGTFGKVVECLDHARGKSQVALKIIRNVGKYREAARLEINVLKKIKEKDKENKFLCVLMSDWFNFHGHMCIAFELLGKNTFEFLKENNFQPYPLPHVRHMAYQLCHALRFLHENQLTHTDLKPENILFVNSEFETLYNEHKSCEEKSVKNTSIRVADFGSATFDHEHHTTIVATRHYRPPEVILELGWAQPCDVWSIGCILFEYYRGFTLFQTHENREHLVMMEKILGPIPSHMIHRTRKQKYFYKGGLVWDENSSDGRYVKENCKPLKSYMLQDSLEHVQLFDLMRRMLEFDPAQRITLAEALLHPFFAGLTPEERSFHTSRNPSR,10000.0,[0. 0. 0. ... 0. 0. 0.],[5.95  4.959 5.455 ... 0.    0.    0.   ]
766,766,CCN1CCN(CC2CCC(NC(=O)NC3CCC(OC4CC(NC)NCN4)CC3)CC2C(F)(F)F)CC1,MELENYKQPVVLREDNCRRRRRMKPRSAAASLSSMELIPIEFVLPTSQRKCKSPETALLHVAGHGNVEQMKAQVWLRALETSVAADFYHRLGPHHFLLLYQKKGQWYEIYDKYQVVQTLDCLRYWKATHRSPGQIHLVQRHPPSEESQAFQRQLTALIGYDVTDVSNVHDDELEFTRRGLVTPRMAEVASRDPKLYAMHPWVTSKPLPEYLWKKIANNCIFIVIHRSTTSQTIKVSPDDTPGAILQSFFTKMAKKKSLMDIPESQSEQDFVLRVCGRDEYLVGETPIKNFQWVRHCLKNGEEIHVVLDTPPDPALDEVRKEEWPLVDDCTGVTGYHEQLTIHGKDHESVFTVSLWDCDRKFRVKIRGIDIPVLPRNTDLTVFVEANIQHGQQVLCQRRTSPKPFTEEVLWNVWLEFSIKIKDLPKGALLNLQIYCGKAPALSSKASAESPSSESKGKVQLLYYVNLLLIDHRFLLRRGEYVLHMWQISGKGEDQGSFNADKLTSATNPDKENSMSISILLDNYCHPIALPKHQPTPDPEGDRVRAEMPNQLRKQLEAIIATDPLNPLTAEDKELLWHFRYESLKHPKAYPKLFSSVKWGQQEIVAKTYQLLARREVWDQSALDVGLTMQLLDCNFSDENVRAIAVQKLESLEDDDVLHYLLQLVQAVKFEPYHDSALARFLLKRGLRNKRIGHFLFWFLRSEIAQSRHYQQRFAVILEAYLRGCGTAMLHDFTQQVQVIEMLQKVTLDIKSLSAEKYDVSSQVISQLKQKLENLQNSQLPESFRVPYDPGLKAGALAIEKCKVMASKKKPLWLEFKCADPTALSNETIGIIFKHGDDLRQDMLILQILRIMESIWETESLDLCLLPYGCISTGDKIGMIEIVKDATTIAKIQQSTVGNTGAFKDEVLNHWLKEKSPTEEKFQAAVERFVYSCAGYCVATFVLGIGDRHNDNIMITETGNLFHIDFGHILGNYKSFLGINKERVPFVLTPDFLFVMGTSGKKTSPHFQKFQDICVKAYLALRHHTNLLIILFSMMLMTGMPQLTSKEDIEYIRDALTVGKNEEDAKKYFLDQIEVCRDKGWTVQFNWFLHLVLGIKQGEKHSA,10000.0,[0. 0. 0. ... 0. 0. 0.],[7.105 4.085 2.487 ... 0.    0.    0.   ]
116,116,CC1[NH]NC2CCC(-C3CNCC(OCC(N)CC4CCCCC4)C3)CC12,MNNFILLEEQLIKKSQQKRRTSPSNFKVRFFVLTKASLAYFEDRHGKKRTLKGSIELSRIKCVEIVKSDISIPCHYKYPFQVVHDNYLLYVFAPDRESRQRWVLALKEETRNNNSLVPKYHPNFWMDGKWRCCSQLEKLATGCAQYDPTKNASKKPLPPTPEDNRRPLWEPEETVVIALYDYQTNDPQELALRRNEEYCLLDSSEIHWWRVQDRNGHEGYVPSSYLVEKSPNNLETYEWYNKSISRDKAEKLLLDTGKEGAFMVRDSRTAGTYTVSVFTKAVVSENNPCIKHYHIKETNDNPKRYYVAEKYVFDSIPLLINYHQHNGGGLVTRLRYPVCFGRQKAPVTAGLRYGKWVIDPSELTFVQEIGSGQFGLVHLGYWLNKDKVAIKTIREGAMSEEDFIEEAEVMMKLSHPKLVQLYGVCLEQAPICLVFEFMEHGCLSDYLRTQRGLFAAETLLGMCLDVCEGMAYLEEACVIHRDLAARNCLVGENQVIKVSDFGMTRFVLDDQYTSSTGTKFPVKWASPEVFSFSRYSSKSDVWSFGVLMWEVFSEGKIPYENRSNSEVVEDISTGFRLYKPRLASTHVYQIMNHCWKERPEDRPAFSRLLRQLAEIAESGL,10000.0,[0. 0. 0. ... 0. 0. 0.],[5.357 4.688 3.795 ... 0.    0.    0.   ]
1309,1309,CN(C)CC=CC(=O)NC1CC2C(NC3CCC(F)C(CL)C3)NCNC2CC1OC1CCOC1,MSVLGEYERHCDSINSDFGSESGGCGDSSPGPSASQGPRAGGGAAEQEELHYIPIRVLGRGAFGEATLYRRTEDDSLVVWKEVDLTRLSEKERRDALNEIVILALLQHDNIIAYYNHFMDNTTLLIELEYCNGGNLYDKILRQKDKLFEEEMVVWYLFQIVSAVSCIHKAGILHRDIKTLNIFLTKANLIKLGDYGLAKKLNSEYSMAETLVGTPYYMSPELCQGVKYNFKSDIWAVGCVIFELLTLKRTFDATNPLNLCVKIVQGIRAMEVDSSQYSLELIQMVHSCLDQDPEQRPTADELLDRPLLRKRRREMEEKVTLLNAPTKRPRSSTVTEAPIAVVTSRTSEVYVWGGGKSTPQKLDVIKSGCSARQVCAGNTHFAVVTVEKELYTWVNMQGGTKLHGQLGHGDKASYRQPKHVEKLQGKAIRQVSCGDDFTVCVTDEGQLYAFGSDYYGCMGVDKVAGPEVLEPMQLNFFLSNPVEQVSCGDNHVVVLTRNKEVYSWGCGEYGRLGLDSEEDYYTPQKVDVPKALIIVAVQCGCDGTFLLTQSGKVLACGLNEFNKLGLNQCMSGIINHEAYHEVPYTTSFTLAKQLSFYKIRTIAPGKTHTAAIDERGRLLTFGCNKCGQLGVGNYKKRLGINLLGGPLGGKQVIRVSCGDEFTIAATDDNHIFAWGNGGNGRLAMTPTERPHGSDICTSWPRPIFGSLHHVPDLSCRGWHTILIVEKVLNSKTIRSNSSGLSIGTVFQSSSPGGGGGGGGGEEEDSQQESETPDPSGGFRGTMEADRGMEGLISPTEAMGNSNGASSSCPGWLRKELENAEFIPMPDSPSPLSAAFSESEKDTLPYEELQGLKVASEAPLEHKPQVEASSPRLNPAVTCAGKGTPLTPPACACSSLQVEVERLQGLVLKCLAEQQKLQQENLQIFTQLQKLNKKLEGGQQVGMHSKGTQTAKEEMEMDPKPDLDSDSWCLLGTDSCRPSL,10000.0,[0. 0. 0. ... 0. 0. 0.],[4.409 4.938 5.291 ... 0.    0.    0.   ]
1271,1271,CN(C)CC=CC(=O)NC1CC2C(NC3CCC(F)C(CL)C3)NCNC2CC1OC1CCOC1,MSEESDMDKAIKETSILEEYSINWTQKLGAGISGPVRVCVKKSTQERFALKILLDRPKARNEVRLHMMCATHPNIVQIIEVFANSVQFPHESSPRARLLIVMEMMEGGELFHRISQHRHFTEKQASQVTKQIALALRHCHLLNIAHRDLKPENLLFKDNSLDAPVKLCDFGFAKIDQGDLMTPQFTPYYVAPQVLEAQRRHQKEKSGIIPTSPTPYTYNKSCDLWSLGVIIYVMLCGYPPFYSKHHSRTIPKDMRRKIMTGSFEFPEEEWSQISEMAKDVVRKLLKVKPEERLTIEGVLDHPWLNSTEALDNVLPSAQLMMDKAVVAGIQQAHAEQLANMRIQDLKVSLKPLHSVNNPILRKRKLLGTKPKDSVYIHDHENGAEDSNVALEKLRDVIAQCILPQAGKGENEDEKLNEVMQEAWKYNRECKLLRDTLQSFSWNGRGFTDKVDRLKLAEIVKQVIEEQTTSHESQ,10000.0,[0. 0. 0. ... 0. 0. 0.],[5.95  4.959 5.455 ... 0.    0.    0.   ]
1013,1013,O=C(NC1CCNCC1)C1[NH]NCC1NC(=O)C1C(CL)CCCC1CL,MKHLYGLFHYNPMMLGLESLPDPTDTWEIIETIGKGTYGKVYKVTNKRDGSLAAVKILDPVSDMDEEIEAEYNILQFLPNHPNVVKFYGMFYKADHCVGGQLWLVLELCNGGSVTELVKGLLRCGQRLDEAMISYILYGALLGLQHLHNNRIIHRDVKGNNILLTTEGGVKLVDFGVSAQLTSTRLRRNTSVGTPFWMAPEVIACEQQYDSSYDARCDVWSLGITAIELGDGDPPLFDMHPVKTLFKIPRNPPPTLLHPEKWCEEFNHFISQCLIKDFERRPSVTHLLDHPFIKGVHGKVLFLQKQLAKVLQDQKHQNPVAKTRHERMHTRRPYHVEDAEKYCLEDDLVNLEVLDEDTIIHQLQKRYADLLIYTYVGDILIALNPFQNLSIYSPQFSRLYHGVKRASNPPHIFASADAAYQCMVTLSKDQCIVISGESGSGKTESAHLIVQHLTFLGKANNQTLREKILQVNSLVEAFGNSCTAINDNSSRFGKYLEMMFTPTGVVMGARISEYLLEKSRVIKQAAREKNFHIFYYIYAGLHHQKKLSDFRLPEEKPPRYIADETGRVMHDITSKESYRRQFEAIQHCFRIIGFTDKEVHSVYRILAGILNIGNIEFAAISSQHQTDKSEVPNAEALQNAASVLCISPEELQEALTSHCVVTRGETIIRANTVDRAADVRDAMSKALYGRLFSWIVNRINTLLQPDENICSAGGGMNVGILDIFGFENFQRNSFEQLCINIANEQIQYYFNQHVFALEQMEYQNEGIDAVPVEYEDNRPLLDMFLQKPLGLLALLDEESRFPQATDQTLVDKFEDNLRCKYFWRPKGVELCFGIQHYAGKVLYDASGVLEKNRDTLPADVVVVLRTSENKLLQQLFSIPLTKTGNLAQTRARITVASSSLPPHFSAGKAKVDTLEVIRHPEETTNMKRQTVASYFRYSLMDLLSKMVVGQPHFVRCIKPNDDREALQFSRERVLAQLRSTGILETVSIRRQGYSHRILFEEFVKRYYYLAFTAHQTPLASKESCVAILEKSRLDHWVLGKTKVFLKYYHVEQLNLLLREVIGRVVVLQAYTKGWLGARRYKRVREKREKGAIAIQSAWRGYDARRKFKKISNRRNESAAHNQAGDTSNQSSGPHSPVAAGTRGSAEVQDCSEPGDHKVLRGSVHRRSHSQAESNNGRTQTSSNSPAVTEKNGHSQAQSSPKGCDIFAGHANKHSVSGTDLLSSRICHPAPDQQGLSLWGAPQKPGSENGLAQKHRTPRRRCQQPKMLSSPEDTMYYNQLNGTLEYQGSKRKPRKLGQIKVLDGEDEYYKSLSPVDCIPEENNSAHPSFFSSSSKGDSFAQH,10000.0,[0. 0. 0. ... 0. 0. 0.],[4.594 5.3   5.83  ... 0.    0.    0.   ]
79,79,CC1[NH]NC2CCC(-C3CNCC(OCC(N)CC4CCCCC4)C3)CC12,MAEKFESLMNIHGFDLGSRYMDLKPLGCGGNGLVFSAVDNDCDKRVAIKKIVLTDPQSVKHALREIKIIRRLDHDNIVKVFEILGPSGSQLTDDVGSLTELNSVYIVQEYMETDLANVLEQGPLLEEHARLFMYQLLRGLKYIHSANVLHRDLKPANLFINTEDLVLKIGDFGLARIMDPHYSHKGHLSEGLVTKWYRSPRLLLSPNNYTKAIDMWAAGCIFAEMLTGKTLFAGAHELEQMQLILESIPVVHEEDRQELLSVIPVYIRNDMTEPHKPLTQLLPGISREALDFLEQILTFSPMDRLTAEEALSHPYMSIYSFPMDEPISSHPFHIEDEVDDILLMDETHSHIYNWERYHDCQFSEHDWPVHNNFDIDEVQLDPRALSDVTDEEEVQVDPRKYLDGDREKYLEDPAFDTNYSTEPCWQYSDHHENKYCDLECSHTCNYKTRSSSYLDNLVWRESEVNHYYEPKLIIDLSNWKEQSKEKSDKKGKSKCERNGLVKAQIALEEASQQLAGKEREKNQGFDFDSFIAGTIQLSSQHEPTDVVDKLNDLNSSVSQLELKSLISKSVSQEKQEKGMANLAQLEALYQSSWDSQFVSGGEDCFFINQFCEVRKDEQVEKENTYTSYLDKFFSRKEDTEMLETEPVEDGKLGERGHEEGFLNNSGEFLFNKQLESIGIPQFHSPVGSPLKSIQATLTPSAMKSSPQIPHQTYSSILKHLN,10000.0,[0. 0. 0. ... 0. 0. 0.],[8.095 6.429 4.048 ... 0.    1.    0.   ]
1454,1454,CN1CCC(C2C(O)CC(O)C3C(=O)CC(-C4CCCCC4CL)OC23)C(O)C1,EESEEEEEEEEEEEEETGSNSEEASEQSAEEVSEEEMSEDEERENENHLLVVPESRFDRDSGESEEAEEEVGEGTPQSSALTEGDYVPDSPALLPIELKQELPKYLPALQGCRSVEEFQCLNRIEEGTYGVVYRAKDKKTDEIVALKRLKMEKEKEGFPITSLREINTILKAQHPNIVTVREIVVGSNMDKIYIVMNYVEHDLKSLMETMKQPFLPGEVKTLMIQLLRGVKHLHDNWILHRDLKTSNLLLSHAGILKVGDFGLAREYGSPLKAYTPVVVTQWYRAPELLLGAKEYSTAVDMWSVGCIFGELLTQKPLFPGNSEIDQINKVFKELGTPSEKIWPGYSELPVVKKMTFSEHPYNNLRKRFGALLSDQGFDLMNKFLTYFPGRRISAEDGLKHEYFRETPLPIDPSMFPTWPAKSEQQRVKRGTSPRPPEGGLGYSQLGDDDLKETGFHLTTTNQGASAAGPGFSLKF,10000.0,[0. 0. 0. ... 0. 0. 0.],[5.627 6.65  4.348 ... 0.    0.    1.   ]
1734,1734,CNC(=O)C1CCCCC1SC1CCC2C(C=CC3CCCCN3)N[NH]C2C1,MDTKSILEELLLKRSQQKKKMSPNNYKERLFVLTKTNLSYYEYDKMKRGSRKGSIEIKKIRCVEKVNLEEQTPVERQYPFQIVYKDGLLYVYASNEESRSQWLKALQKEIRGNPHLLVKYHSGFFVDGKFLCCQQSCKAAPGCTLWEAYANLHTAVNEEKHRVPTFPDRVLKIPRAVPVLKMDAPSSSTTLAQYDNESKKNYGSQPPSSSTSLAQYDSNSKKIYGSQPNFNMQYIPREDFPDWWQVRKLKSSSSSEDVASSNQKERNVNHTTSKISWEFPESSSSEEEENLDDYDWFAGNISRSQSEQLLRQKGKEGAFMVRNSSQVGMYTVSLFSKAVNDKKGTVKHYHVHTNAENKLYLAENYCFDSIPKLIHYHQHNSAGMITRLRHPVSTKANKVPDSVSLGNGIWELKREEITLLKELGSGQFGVVQLGKWKGQYDVAVKMIKEGSMSEDEFFQEAQTMMKLSHPKLVKFYGVCSKEYPIYIVTEYISNGCLLNYLRSHGKGLEPSQLLEMCYDVCEGMAFLESHQFIHRDLAARNCLVDRDLCVKVSDFGMTRYVLDDQYVSSVGTKFPVKWSAPEVFHYFKYSSKSDVWAFGILMWEVFSLGKQPYDLYDNSQVVLKVSQGHRLYRPHLASDTIYQIMYSCWHELPEKRPTFQQLLSSIEPLREKDKH,10000.0,[0. 0. 0. ... 0. 0. 0.],[5.267 5.852 6.218 ... 0.    0.    0.   ]
910,910,O=C(NC1CCNCC1)C1[NH]NCC1NC(=O)C1C(CL)CCCC1CL,MENKKKDKDKSDDRMARPSGRSGHNTRGTGSSSSGVLMVGPNFRVGKKIGCGNFGELRLGKNLYTNEYVAIKLEPMKSRAPQLHLEYRFYKQLGSGDGIPQVYYFGPCGKYNAMVLELLGPSLEDLFDLCDRTFSLKTVLMIAIQLISRMEYVHSKNLIYRDVKPENFLIGRPGNKTQQVIHIIDFGLAKEYIDPETKKHIPYREHKSLTGTARYMSINTHLGKEQSRRDDLEALGHMFMYFLRGSLPWQGLKADTLKERYQKIGDTKRATPIEVLCENFPEMATYLRYVRRLDFFEKPDYDYLRKLFTDLFDRKGYMFDYEYDWIGKQLPTPVGAVQQDPALSSNREAHQHRDKMQQSKNQSADHRAAWDSQQANPHHLRAHLAADRHGGSVQVVSSTNGELNTDDPTAGRSNAPITAPTEVEVMDETKCCCFFKRRKRKTIQRHK,10000.0,[0. 1. 0. ... 0. 0. 0.],[7.143 8.374 1.97  ... 0.    0.    0.   ]
257,257,CC1[NH]NC2CCC(-C3CNCC(OCC(N)CC4CCCCC4)C3)CC12,MDDAAVLKRRGYLLGINLGEGSYAKVKSAYSERLKFNVAIKIIDRKKAPADFLEKFLPREIEILAMLNHCSIIKTYEIFETSHGKVYIVMELAVQGDLLELIKTRGALHEDEARKKFHQLSLAIKYCHDLDVVHRDLKCDNLLLDKDFNIKLSDFSFSKRCLRDDSGRMALSKTFCGSPAYAAPEVLQGIPYQPKVYDIWSLGVILYIMVCGSMPYDDSNIKKMLRIQKEHRVNFPRSKHLTGECKDLIYHMLQPDVNRRLHIDEILSHCWMQPKARGSPSVAINKEGESSRGTEPLWTPEPGSDKKSATKLEPEGEAQPQAQPETKPEGTAMQMSRQSEILGFPSKPSTMETEEGPPQQPPETRAQ,10000.0,[0. 0. 0. ... 0. 0. 0.],[5.95  4.959 5.455 ... 0.    0.    0.   ]
1933,1933,CNC(=O)C1CCCCC1SC1CCC2C(C=CC3CCCCN3)N[NH]C2C1,MEEEGGSSGGAAGTSADGGDGGEQLLTVKHELRTANLTGHAEKVGIENFELLKVLGTGAYGKVFLVRKISGHDTGKLYAMKVLKKATIVQKAKTTEHTRTERQVLEHIRQSPFLVTLHYAFQTETKLHLILDYINGGELFTHLSQRERFTEHEVQIYVGEIVLALEHLHKLGIIYRDIKLENILLDSNGHVVLTDFGLSKEFVADETERAYSFCGTIEYMAPDIVRGGDSGHDKAVDWWSLGVLMYELLTGASPFTVDGEKNSQAEISRRILKSEPPYPQEMSALAKDLIQRLLMKDPKKRLGCGPRDADEIKEHLFFQKINWDDLAAKKVPAPFKPVIRDELDVSNFAEEFTEMDPTYSPAALPQSSEKLFQGYSFVAPSILFKRNAAVIDPLQFHMGVERPGVTNVARSAMMKDSPFYQHYDLDLKDKPLGEGSFSICRKCVHKKSNQAFAVKIISKRMEANTQKEITALKLCEGHPNIVKLHEVFHDQLHTFLVMELLNGGELFERIKKKKHFSETEASYIMRKLVSAVSHMHDVGVVHRDLKPENLLFTDENDNLEIKIIDFGFARLKPPDNQPLKTPCFTLHYAAPELLNQNGYDESCDLWSLGVILYTMLSGQVPFQSHDRSLTCTSAVEIMKKIKKGDFSFEGEAWKNVSQEAKDLIQGLLTVDPNKRLKMSGLRYNEWLQDGSQLSSNPLMTPDILGSSGAAVHTCVKATFHAFNKYKREGFCLQNVDKAPLAKRRKMKKTSTSTETRSSSSESSHSSSSHSHGKTTPTKTLQPSNPADSNNPETLFQFSDSVA,10000.0,[0. 0. 0. ... 0. 0. 0.],[8.64  8.897 1.676 ... 0.    0.    0.   ]
754,754,CCN1CCN(CC2CCC(NC(=O)NC3CCC(OC4CC(NC)NCN4)CC3)CC2C(F)(F)F)CC1,MFRKKKKKRPEISAPQNFQHRVHTSFDPKEGKFVGLPPQWQNILDTLRRPKPVVDPSRITRVQLQPMKTVVRGSAMPVDGYISGLLNDIQKLSVISSNTLRGRSPTSRRRAQSLGLLGDEHWATDPDMYLQSPQSERTDPHGLYLSCNGGTPAGHKQMPWPEPQSPRVLPNGLAAKAQSLGPAEFQGASQRCLQLGACLQSSPPGASPPTGTNRHGMKAAKHGSEEARPQSCLVGSATGRPGGEGSPSPKTRESSLKRRLFRSMFLSTAATAPPSSSKPGPPPQSKPNSSFRPPQKDNPPSLVAKAQSLPSDQPVGTFSPLTTSDTSSPQKSLRTAPATGQLPGRSSPAGSPRTWHAQISTSNLYLPQDPTVAKGALAGEDTGVVTHEQFKAALRMVVDQGDPRLLLDSYVKIGEGSTGIVCLAREKHSGRQVAVKMMDLRKQQRRELLFNEVVIMRDYQHFNVVEMYKSYLVGEELWVLMEFLQGGALTDIVSQVRLNEEQIATVCEAVLQALAYLHAQGVIHRDIKSDSILLTLDGRVKLSDFGFCAQISKDVPKRKSLVGTPYWMAPEVISRSLYATEVDIWSLGIMVIEMVDGEPPYFSDSPVQAMKRLRDSPPPKLKNSHKVSPVLRDFLERMLVRDPQERATAQELLDHPFLLQTGLPECLVPLIQLYRKQTSTC,10000.0,[0. 0. 0. ... 0. 0. 0.],[5.188 4.985 4.883 ... 0.    0.    0.   ]
1002,1002,O=C(NC1CCNCC1)C1[NH]NCC1NC(=O)C1C(CL)CCCC1CL,MEEEEGAVAKEWGTTPAGPVWTAVFDYEAAGDEELTLRRGDRVQVLSQDCAVSGDEGWWTGQLPSGRVGVFPSNYVAPGAPAAPAGLQLPQEIPFHELQLEEIIGVGGFGKVYRALWRGEEVAVKAARLDPEKDPAVTAEQVCQEARLFGALQHPNIIALRGACLNPPHLCLVMEYARGGALSRVLAGRRVPPHVLVNWAVQVARGMNYLHNDAPVPIIHRDLKSINILILEAIENHNLADTVLKITDFGLAREWHKTTKMSAAGTYAWMAPEVIRLSLFSKSSDVWSFGVLLWELLTGEVPYREIDALAVAYGVAMNKLTLPIPSTCPEPFARLLEECWDPDPHGRPDFGSILKRLEVIEQSALFQMPLESFHSLQEDWKLEIQHMFDDLRTKEKELRSREEELLRAAQEQRFQEEQLRRREQELAEREMDIVERELHLLMCQLSQEKPRVRKRKGNFKRSRLLKLREGGSHISLPSGFEHKITVQASPTLDKRKGSDGASPPASPSIIPRLRAIRLTPVDCGGSSSGSSSGGSGTWSRGGPPKKEELVGGKKKGRTWGPSSTLQKERVGGEERLKGLGEGSKQWSSSAPNLGKSPKHTPIAPGFASLNEMEEFAEAEDGGSSVPPSPYSTPSYLSVPLPAEPSPGARAPWEPTPSAPPARWGHGARRRCDLALLGCATLLGAVGLGADVAEARAADGEEQRRWLDGLFFPRAGRFPRGLSPPARPHGRREDVGPGLGLAPSATLVSLSSVSDCNSTRSLLRSDSDEAAPAAPSPPPSPPAPTPTPSPSTNPLVDLELESFKKDPRQSLTPTHVTAACAVSRGHRRTPSDGALGQRGPPEPAGHGPGPRDLLDFPRLPDPQALFPARRRPPEFPGRPTTLTFAPRPRPAASRPRLDPWKLVSFGRTLTISPPSRPDTPESPGPPSVQPTLLDMDMEGQNQDSTVPLCGAHGSH,10000.0,[0. 0. 0. ... 0. 0. 0.],[3.306 9.091 2.893 ... 0.    0.    0.   ]
1897,1897,CNC(=O)C1CCCCC1SC1CCC2C(C=CC3CCCCN3)N[NH]C2C1,MTLDVGPEDELPDWAAAKEFYQKYDPKDVIGRGVSSVVRRCVHRATGHEFAVKIMEVTAERLSPEQLEEVREATRRETHILRQVAGHPHIITLIDSYESSSFMFLVFDLMRKGELFDYLTEKVALSEKETRSIMRSLLEAVSFLHANNIVHRDLKPENILLDDNMQIRLSDFGFSCHLEPGEKLRELCGTPGYLAPEILKCSMDETHPGYGKEVDLWACGVILFTLLAGSPPFWHRRQILMLRMIMEGQYQFSSPEWDDRSSTVKDLISRLLQVDPEARLTAEQALQHPFFERCEGSQPWNLTPRQRFRVAVWTVLAAGRVALSTHRVRPLTKNALLRDPYALRSVRHLIDNCAFRLYGHWVKKGEQQNRAALFQHRPPGPFPIMGPEEEGDSAAITEDEAVLVLG,10000.0,[0. 0. 0. ... 0. 0. 0.],[10.169  7.839  1.695 ...  0.     0.     0.   ]
17,17,CC1[NH]NC2CCC(-C3CNCC(OCC(N)CC4CCCCC4)C3)CC12,MLLRSAGKLNVGTKKEDGESTAPTPRPKVLRCKCHHHCPEDSVNNICSTDGYCFTMIEEDDSGLPVVTSGCLGLEGSDFQCRDTPIPHQRRSIECCTERNECNKDLHPTLPPLKNRDFVDGPIHHRALLISVTVCSLLLVLIILFCYFRYKRQETRPRYSIGLEQDETYIPPGESLRDLIEQSQSSGSGSGLPLLVQRTIAKQIQMVKQIGKGRYGEVWMGKWRGEKVAVKVFFTTEEASWFRETEIYQTVLMRHENILGFIAADIKGTGSWTQLYLITDYHENGSLYDYLKSTTLDAKSMLKLAYSSVSGLCHLHTEIFSTQGKPAIAHRDLKSKNILVKKNGTCCIADLGLAVKFISDTNEVDIPPNTRVGTKRYMPPEVLDESLNRNHFQSYIMADMYSFGLILWEVARRCVSGGIVEEYQLPYHDLVPSDPSYEDMREIVCIKKLRPSFPNRWSSDECLRQMGKLMTECWAHNPASRLTALRVKKTLAKMSESQDIKL,10000.0,[0. 0. 0. ... 0. 0. 0.],[4.959 4.04  4.04  ... 0.    0.    0.   ]
1065,1065,O=C(NC1CCNCC1)C1[NH]NCC1NC(=O)C1C(CL)CCCC1CL,MSGVSEPLSRVKLGTLRRPEGPAEPMVVVPVDVEKEDVRILKVCFYSNSFNPGKNFKLVKCTVQTEIREIITSILLSGRIGPNIRLAECYGLRLKHMKSDEIHWLHPQMTVGEVQDKYECLHVEAEWRYDLQIRYLPEDFMESLKEDRTTLLYFYQQLRNDYMQRYASKVSEGMALQLGCLELRRFFKDMPHNALDKKSNFELLEKEVGLDLFFPKQMQENLKPKQFRKMIQQTFQQYASLREEECVMKFFNTLAGFANIDQETYRCELIQGWNITVDLVIGPKGIRQLTSQDAKPTCLAEFKQIRSIRCLPLEEGQAVLQLGIEGAPQALSIKTSSLAEAENMADLIDGYCRLQGEHQGSLIIHPRKDGEKRNSLPQIPMLNLEARRSHLSESCSIESDIYAEIPDETLRRPGGPQYGIAREDVVLNRILGEGFFGEVYEGVYTNHKGEKINVAVKTCKKDCTLDNKEKFMSEAVIMKNLDHPHIVKLIGIIEEEPTWIIMELYPYGELGHYLERNKNSLKVLTLVLYSLQICKAMAYLESINCVHRDIAVRNILVASPECVKLGDFGLSRYIEDEDYYKASVTRLPIKWMSPESINFRRFTTASDVWMFAVCMWEILSFGKQPFFWLENKDVIGVLEKGDRLPKPDLCPPVLYTLMTRCWDYDPSDRPRFTELVCSLSDVYQMEKDIAMEQERNARYRTPKILEPTAFQEPPPKPSRPKYRPPPQTNLLAPKLQFQVPEGLCASSPTLTSPMEYPSPVNSLHTPPLHRHNVFKRHSMREEDFIQPSSREEAQQLWEAEKVKMRQILDKQQKQMVEDYQWLRQEEKSLDPMVYMNDKSPLTPEKEVGYLEFTGPPQKPPRLGAQSIQPTANLDRTDDLVYLNVMELVRAVLELKNELCQLPPEGYVVVVKNVGLTLRKLIGSVDDLLPSLPSSSRTEIEGTQKLLNKDLAELINKMRLAQQNAVTSLSEECKRQMLTASHTLAVDAKNLLDAVDQAKVLANLAHPPAE,10000.0,[0. 0. 0. ... 0. 0. 0.],[7.012 8.013 2.504 ... 0.    0.    0.   ]
1562,1562,CN1CCC(C2C(O)CC(O)C3C(=O)CC(-C4CCCCC4CL)OC23)C(O)C1,MEVVDPQQLGMFTEGELMSVGMDTFIHRIDSTEVIYQPRRKRAKLIGKYLMGDLLGEGSYGKVKEVLDSETLCRRAVKILKKKKLRRIPNGEANVKKEIQLLRRLRHKNVIQLVDVLYNEEKQKMYMVMEYCVCGMQEMLDSVPEKRFPVCQAHGYFCQLIDGLEYLHSQGIVHKDIKPGNLLLTTGGTLKISDLGVAEALHPFAADDTCRTSQGSPAFQPPEIANGLDTFSGFKVDIWSAGVTLYNITTGLYPFEGDNIYKLFENIGKGSYAIPGDCGPPLSDLLKGMLEYEPAKRFSIRQIRQHSWFRKKHPPAEAPVPIPPSPDTKDRWRSMTVVPYLEDLHGADEDEDLFDIEDDIIYTQDFTVPGQVPEEEASHNGQRRGLPKAVCMNGTEAAQLSTKSRAEGRAPNPARKACSASSKIRRLSACKQQ,10000.0,[0. 0. 0. ... 0. 0. 0.],[6.575 4.932 2.192 ... 0.    0.    0.   ]
303,303,CC(C)(C)C1CC(NC(=O)NC2CCC(-C3CN4C(N3)SC3CC(OCCN5CCOCC5)CCC34)CC2)NO1,MLPEDKEADSLRGNISVKAVKKEVEKKLRCLLADLPLPPELPGGDDLSKSPEEKKTATQLHSKRRPKICGPRYGETKEKDIDWGKRCVDKFDIIGIIGEGTYGQVYKARDKDTGEMVALKKVRLDNEKEGFPITAIREIKILRQLTHQSIINMKEIVTDKEDALDFKKDKGAFYLVFEYMDHDLMGLLESGLVHFNENHIKSFMRQLMEGLDYCHKKNFLHRDIKCSNILLNNRGQIKLADFGLARLYSSEESRPYTNKVITLWYRPPELLLGEERYTPAIDVWSCGCILGELFTKKPIFQANQELAQLELIRHEENEVSDKQI,10000.0,[0. 0. 0. ... 0. 0. 0.],[7.071 6.143 2.143 ... 0.    1.    0.   ]
233,233,CC1[NH]NC2CCC(-C3CNCC(OCC(N)CC4CCCCC4)C3)CC12,MVMADGPRHLQRGPVRVGFYDIEGTLGKGNFAVVKLGRHRITKTEVAIKIIDKSQLDAVNLEKIYREVQIMKMLDHPHIIKLYQVMETKSMLYLVTEYAKNGEIFDYLANHGRLNESEARRKFWQILSAVDYCHGRKIVHRDLKAENLLLDNNMNIKIADFGFGNFFKSGELLATWCGSPPYAAPEVFEGQQYEGPQLDIWSMGVVLYVLVCGALPFDGPTLPILRQRVLEGRFRIPYFMSEDCEHLIRRMLVLDPSKRLTIAQIKEHKWMLIEVPVQRPVLYPQEQENEPSIGEFNEQVLRLMHSLGIDQQKTIESLQNKSYNHFAAIYFLLVERLKSHRSSFPVEQRLDGRQRRPSTIAEQTVAKAQTVGLPVTMHSPNMRLLRSALLPQASNVEAFSFPASGCQAEAAFMEEECVDTPKVNGCLLDPVPPVLVRKGCQSLPSNMMETSIDEGLETEGEAEEDPAHAFEAFQSTRSGQRRHTLSEVTNQLVVMPGAGKIFSMNDSPSLDSVDSEYDMGSVQRDLNFLEDNPSLKDIMLANQPSPRMTSPFISLRPTNPAMQALSSQKREVHNRSPVSFREGRRASDTSLTQGIVAFRQHLQNLARTKGILELNKVQLLYEQIGPEADPNLAPAAPQLQDLASSCPQEEVSQQQESVSTLPASVHPQLSPRQSLETQYLQHRLQKPSLLSKAQNTCQLYCKEPPRSLEQQLQEHRLQQKRLFLQKQSQLQAYFNQMQIAESSYPQPSQQLPLPRQETPPPSQQAPPFSLTQPLSPVLEPSSEQMQYSPFLSQYQEMQLQPLPSTSGPRAAPPLPTQLQQQQPPPPPPPPPPRQPGAAPAPLQFSYQTCELPSAASPAPDYPTPCQYPVDGAQQSDLTGPDCPRSPGLQEAPSSYDPLALSELPGLFDCEMLDAVDPQHNGYVLVN,10000.0,[0. 0. 0. ... 0. 0. 0.],[5.313 6.452 4.175 ... 0.    0.    0.   ]
1167,1167,CN(C)CC=CC(=O)NC1CC2C(NC3CCC(F)C(CL)C3)NCNC2CC1OC1CCOC1,MENFQKVEKIGEGTYGVVYKARNKLTGEVVALKKIRLDTETEGVPSTAIREISLLKELNHPNIVKLLDVIHTENKLYLVFEFLHQDLKKFMDASALTGIPLPLIKSYLFQLLQGLAFCHSHRVLHRDLKPQNLLINTEGAIKLADFGLARAFGVPVRTYTHEVVTLWYRAPEILLGCKYYSTAVDIWSLGCIFAEMVTRRALFPGDSEIDQLFRIFRTLGTPDEVVWPGVTSMPDYKPSFPKWARQDFSKVVPPLDEDGRSLLSQMLHYDPNKRISAKAALAHPFFQDVTKPVPHLRL,10000.0,[0. 0. 0. ... 0. 0. 0.],[5.635 4.098 5.533 ... 0.    0.    0.   ]
460,460,CC(C)(C)C1CC(NC(=O)NC2CCC(-C3CN4C(N3)SC3CC(OCCN5CCOCC5)CCC34)CC2)NO1,MTLDVGPEDELPDWAAAKEFYQKYDPKDVIGRGVSSVVRRCVHRATGHEFAVKIMEVTAERLSPEQLEEVREATRRETHILRQVAGHPHIITLIDSYESSSFMFLVFDLMRKGELFDYLTEKVALSEKETRSIMRSLLEAVSFLHANNIVHRDLKPENILLDDNMQIRLSDFGFSCHLEPGEKLRELCGTPGYLAPEILKCSMDETHPGYGKEVDLWACGVILFTLLAGSPPFWHRRQILMLRMIMEGQYQFSSPEWDDRSSTVKDLISRLLQVDPEARLTAEQALQHPFFERCEGSQPWNLTPRQRFRVAVWTVLAAGRVALSTHRVRPLTKNALLRDPYALRSVRHLIDNCAFRLYGHWVKKGEQQNRAALFQHRPPGPFPIMGPEEEGDSAAITEDEAVLVLG,10000.0,[0. 0. 0. ... 0. 0. 0.],[4.91  7.494 3.101 ... 0.    0.    0.   ]
585,585,CCN1CCN(CC2CCC(NC(=O)NC3CCC(OC4CC(NC)NCN4)CC3)CC2C(F)(F)F)CC1,MATITCTRFTEEYQLFEELGKGAFSVVRRCVKVLAGQEYAAKIINTKKLSARDHQKLEREARICRLLKHPNIVRLHDSISEEGHHYLIFDLVTGGELFEDIVAREYYSEADASHCIQQILEAVLHCHQMGVVHRDLKPENLLLASKLKGAAVKLADFGLAIEVEGEQQAWFGFAGTPGYLSPEVLRKDPYGKPVDLWACGVILYILLVGYPPFWDEDQHRLYQQIKAGAYDFPSPEWDTVTPEAKDLINKMLTINPSKRITAAEALKHPWISHRSTVASCMHRQETVDCLKKFNARRKLKGAILTTMLATRNFSGGKSGGNKKSDGVKESSESTNTTIEDEDTKVRKQEIIKVTEQLIEAISNGDFESYTKMCDPGMTAFEPEALGNLVEGLDFHRFYFENLWSRNSKPVHTTILNPHIHLMGDESACIAYIRITQYLDAGGIPRTAQSEETRVWHRRDGKWQIVHFHRSGAPSVLPH,10000.0,[0. 0. 0. ... 0. 0. 0.],[7.469 6.017 4.979 ... 0.    0.    0.   ]
1155,1155,CN(C)CC=CC(=O)NC1CC2C(NC3CCC(F)C(CL)C3)NCNC2CC1OC1CCOC1,MATITCTRFTEEYQLFEELGKGAFSVVRRCVKVLAGQEYAAKIINTKKLSARDHQKLEREARICRLLKHPNIVRLHDSISEEGHHYLIFDLVTGGELFEDIVAREYYSEADASHCIQQILEAVLHCHQMGVVHRDLKPENLLLASKLKGAAVKLADFGLAIEVEGEQQAWFGFAGTPGYLSPEVLRKDPYGKPVDLWACGVILYILLVGYPPFWDEDQHRLYQQIKAGAYDFPSPEWDTVTPEAKDLINKMLTINPSKRITAAEALKHPWISHRSTVASCMHRQETVDCLKKFNARRKLKGAILTTMLATRNFSGGKSGGNKKSDGVKESSESTNTTIEDEDTKVRKQEIIKVTEQLIEAISNGDFESYTKMCDPGMTAFEPEALGNLVEGLDFHRFYFENLWSRNSKPVHTTILNPHIHLMGDESACIAYIRITQYLDAGGIPRTAQSEETRVWHRRDGKWQIVHFHRSGAPSVLPH,10000.0,[0. 0. 0. ... 0. 0. 0.],[6.852 5.309 4.012 ... 0.    0.    0.   ]
952,952,O=C(NC1CCNCC1)C1[NH]NCC1NC(=O)C1C(CL)CCCC1CL,MSLLQSALDFLAGPGSLGGASGRDQSDFVGQTVELGELRLRVRRVLAEGGFAFVYEAQDVGSGREYALKRLLSNEEEKNRAIIQEVCFMKKLSGHPNIVQFCSAASIGKEESDTGQAEFLLLTELCKGQLVEFLKKMESRGPLSCDTVLKIFYQTCRAVQHMHRQKPPIIHRDLKVENLLLSNQGTIKLCDFGSATTISHYPDYSWSAQRRALVEEEITRNTTPMYRTPEIIDLYSNFPIGEKQDIWALGCILYLLCFRQHPFEDGAKLRIVNGKYSIPPHDTQYTVFHSLIRAMLQVNPEERLSIAEVVHQLQEIAAARNVNPKSPITELLEQNGGYGSATLSRGPPPPVGPAGSGYSGGLALAEYDQPYGGFLDILRGGTERLFTNLKDTSSKVIQSVANYAKGDLDISYITSRIAVMSFPAEGVESALKNNIEDVRLFLDSKHPGHYAVYNLSPRTYRPSRFHNRVSECGWAARRAPHLHTLYNICRNMHAWLRQDHKNVCVVHCMDGRAASAVAVCSFLCFCRLFSTAEAAVYMFSMKRCPPGIWPSHKRYIEYMCDMVAEEPITPHSKPILVRAVVMTPVPLFSKQRSGCRPFCEVYVGDERVASTSQEYDKMRDFKIEDGKAVIPLGVTVQGDVLIVIYHARSTLGGRLQAKMASMKMFQIQFHTGFVPRNATTVKFAKYDLDACDIQEKYPDLFQVNLEVEVEPRDRPSREAPPWENSSMRGLNPKILFSSREEQQDILSKFGKPELPRQPGSTAQYDAGAGSPEAEPTDSDSPPSSSADASRFLHTLDWQEEKEAETGAENASSKESESALMEDRDESEVSDEGGSPISSEGQEPRADPEPPGLAAGLVQQDLVFEVETPAVLPEPVPQEDGVDLLGLHSEVGAGPAVPPQACKAPSSNTDLLSCLLGPPEAASQGPPEDLLSEDPLLLASPAPPLSVQSTPRGGPPAAADPFGPLLPSSGNNSQPCSNPDLFGEFLNSDSVTVPPSFPSAHSAPPPSCSADFLHLGDLPGEPSKMTASSSNPDLLGGWAAWTETAASAVAPTPATEGPLFSPGGQPAPCGSQASWTKSQNPDPFADLGDLSSGLQGSPAGFPPGGFIPKTATTPKGSSSWQTSRPPAQGASWPPQAKPPPKACTQPRPNYASNFSVIGAREERGVRAPSFAQKPKVSENDFEDLLSNQGFSSRSDKKGPKTIAEMRKQDLAKDTDPLKLKLLDWIEGKERNIRALLSTLHTVLWDGESRWTPVGMADLVAPEQVKKHYRRAVLAVHPDKAAGQPYEQHAKMIFMELNDAWSEFENQGSRPLF,10000.0,[0. 1. 1. ... 0. 0. 0.],[5.635 4.098 5.533 ... 0.    0.    0.   ]
1290,1290,CN(C)CC=CC(=O)NC1CC2C(NC3CCC(F)C(CL)C3)NCNC2CC1OC1CCOC1,MEQPPAPKSKLKKLSEDSLTKQPEEVFDVLEKLGEGSYGSVFKAIHKESGQVVAIKQVPVESDLQEIIKEISIMQQCDSPYVVKYYGSYFKNTDLWIVMEYCGAGSVSDIIRLRNKTLIEDEIATILKSTLKGLEYLHFMRKIHRDIKAGNILLNTEGHAKLADFGVAGQLTDTMAKRNTVIGTPFWMAPEVIQEIGYNCVADIWSLGITSIEMAEGKPPYADIHPMRAIFMIPTNPPPTFRKPELWSDDFTDFVKKCLVKNPEQRATATQLLQHPFIKNAKPVSILRDLITEAMEIKAKRHEEQQRELEEEEENSDEDELDSHTMVKTSVESVGTMRATSTMSEGAQTMIEHNSTMLESDLGTMVINSEDEEEEDGTMKRNATSPQVQRPSFMDYFDKQDFKNKSHENCNQNMHEPFPMSKNVFPDNWKVPQDGDFDFLKNLSLEELQMRLKALDPMMEREIEELRQRYTAKRQPILDAMDAKKRRQQNF,10000.0,[0. 0. 0. ... 0. 0. 0.],[6.25 6.25 3.5  ... 0.   0.   0.  ]
457,457,CC(C)(C)C1CC(NC(=O)NC2CCC(-C3CN4C(N3)SC3CC(OCCN5CCOCC5)CCC34)CC2)NO1,MEKYHGLEKIGEGTYGVVYKAQNNYGETFALKKIRLEKEDEGIPSTTIREISILKELKHSNIVKLYDVIHTKKRLVLVFEHLDQDLKKLLDVCEGGLESVTAKSFLLQLLNGIAYCHDRRVLHRDLKPQNLLINREGELKIADFGLARAFGIPVRKYTHEVVTLWYRAPDVLMGSKKYSTTIDIWSVGCIFAEMVNGTPLFPGVSEADQLMRIFRILGTPNSKNWPNVTELPKYDPNFTVYEPLPWESFLKGLDESGIDLLSKMLKLDPNQRITAKQALEHAYFKENN,10000.0,[0. 0. 0. ... 0. 0. 0.],[5.134 6.696 3.125 ... 0.    0.    0.   ]
1386,1386,CN(C)CC=CC(=O)NC1CC2C(NC3CCC(F)C(CL)C3)NCNC2CC1OC1CCOC1,MSTASAASSSSSSSAGEMIEAPSQVLNFEEIDYKEIEVEEVVGRGAFGVVCKAKWRAKDVAIKQIESESERKAFIVELRQLSRVNHPNIVKLYGACLNPVCLVMEYAEGGSLYNVLHGAEPLPYYTAAHAMSWCLQCSQGVAYLHSMQPKALIHRDLKPPNLLLVAGGTVLKICDFGTACDIQTHMTNNKGSAAWMAPEVFEGSNYSEKCDVFSWGIILWEVITRRKPFDEIGGPAFRIMWAVHNGTRPPLIKNLPKPIESLMTRCWSKDPSQRPSMEEIVKIMTHLMRYFPGADEPLQYPCQYSDEGQSNSATSTGSFMDIASTNTSNKSDTNMEQVPATNDTIKRLESKLLKNQAKQQSESGRLSLGASRGSSVESLPPTSEGKRMSADMSEIEARIAATTAYSKPKRGHRKTASFGNILDVPEIVISGNGQPRRRSIQDLTVTGTEPGQVSSRSSSPSVRMITTSGPTSEKPTRSHPWTPDDSTDTNGSDNSIPMAYLTLDHQLQPLAPCPNSKESMAVFEQHCKMAQEYMKVQTEIALLLQRKQELVAELDQDEKDQQNTSRLVQEHKKLLDENKSLSTYYQQCKKQLEVIRSQQQKRQGTS,10000.0,[0. 0. 0. ... 0. 0. 0.],[6.822 6.489 3.827 ... 0.    0.    0.   ]
1407,1407,CN(C)CC=CC(=O)NC1CC2C(NC3CCC(F)C(CL)C3)NCNC2CC1OC1CCOC1,MDDKDIDKELRQKLNFSYCEETEIEGQKKVEESREASSQTPEKGEVQDSEAKGTPPWTPLSNVHELDTSSEKDKESPDQILRTPVSHPLKCPETPAQPDSRSKLLPSDSPSTPKTMLSRLVISPTGKLPSRGPKHLKLTPAPLKDEMTSLALVNINPFTPESYKKLFLQSGGKRKIRGDLEEAGPEEGKGGLPAKRCVLRETNMASRYEKEFLEVEKIGVGEFGTVYKCIKRLDGCVYAIKRSMKTFTELSNENSALHEVYAHAVLGHHPHVVRYYSSWAEDDHMIIQNEYCNGGSLQAAISENTKSGNHFEEPKLKDILLQISLGLNYIHNSSMVHLDIKPSNIFICHKMQSESSGVIEEVENEADWFLSANVMYKIGDLGHATSINKPKVEEGDSRFLANEILQEDYRHLPKADIFALGLTIAVAAGAESLPTNGAAWHHIRKGNFPDVPQELSESFSSLLKNMIQPDAEQRPSAAALARNTVLRPSLGKTEELQQQLNLEKFKTATLERELREAQQAQSPQGYTHHGDTGVSGTHTGSRSTKRLVGGKSARSSSFTSGEREPLH,10000.0,[0. 0. 0. ... 0. 0. 0.],[5.221 7.941 3.971 ... 0.    0.    0.   ]
285,285,CC(C)(C)C1CC(NC(=O)NC2CCC(-C3CN4C(N3)SC3CC(OCCN5CCOCC5)CCC34)CC2)NO1,MAQKENSYPWPYGRQTAPSGLSTLPQRVLRKEPVTPSALVLMSRSNVQPTAAPGQKVMENSSGTPDILTRHFTIDDFEIGRPLGKGKFGNVYLAREKKSHFIVALKVLFKSQIEKEGVEHQLRREIEIQAHLHHPNILRLYNYFYDRRRIYLILEYAPRGELYKELQKSCTFDEQRTATIMEELADALMYCHGKKVIHRDIKPENLLLGLKGELKIADFGWSVHAPSLRRKTMCGTLDYLPPEMIEGRMHNEKVDLWCIGVLCYELLVGNPPFESASHNETYRRIVKVDLKFPASVPMGAQDLISKLLRHNPSERLPLAQVSAHPWVRANSRRVLPPSALQSVA,10000.0,[0. 0. 0. ... 0. 0. 0.],[5.237 4.23  5.035 ... 0.    0.    0.   ]
1581,1581,CN1CCC(C2C(O)CC(O)C3C(=O)CC(-C4CCCCC4CL)OC23)C(O)C1,MVSSQKLEKPIEMGSSEPLPIADGDRRRKKKRRGRATDSLPGKFEDMYKLTSELLGEGAYAKVQGAVSLQNGKEYAVKIIEKQAGHSRSRVFREVETLYQCQGNKNILELIEFFEDDTRFYLVFEKLQGGSILAHIQKQKHFNEREASRVVRDVAAALDFLHTKDKVSLCHLGWSAMAPSGLTAAPTSLGSSDPPTSASQVAGTTGIAHRDLKPENILCESPEKVSPVKICDFDLGSGMKLNNSCTPITTPELTTPCGSAEYMAPEVVEVFTDQATFYDKRCDLWSLGVVLYIMLSGYPPFVGHCGADCGWDRGEVCRVCQNKLFESIQEGKYEFPDKDWAHISSEAKDLISKLLVRDAKQRLSAAQVLQHPWVQGQAPEKGLPTPQVLQRNSSTMDLTLFAAEAIALNRQLSQHEENELAEEPEALADGLCSMKLSPPCKSRLARRRALAQAGRGEDRSPPTAL,10000.0,[0. 1. 0. ... 0. 0. 0.],[6.584 4.033 5.021 ... 1.    0.    1.   ]
321,321,CC(C)(C)C1CC(NC(=O)NC2CCC(-C3CN4C(N3)SC3CC(OCCN5CCOCC5)CCC34)CC2)NO1,MDHPSREKDERQRTTKPMAQRSAHCSRPSGSSSSSGVLMVGPNFRVGKKIGCGNFGELRLGKNLYTNEYVAIKLEPIKSRAPQLHLEYRFYKQLGSAGEGLPQVYYFGPCGKYNAMVLELLGPSLEDLFDLCDRTFTLKTVLMIAIQLLSRMEYVHSKNLIYRDVKPENFLIGRQGNKKEHVIHIIDFGLAKEYIDPETKKHIPYREHKSLTGTARYMSINTHLGKEQSRRDDLEALGHMFMYFLRGSLPWQGLKADTLKERYQKIGDTKRNTPIEALCENFPEEMATYLRYVRRLDFFEKPDYEYLRTLFTDLFEKKGYTFDYAYDWVGRPIPTPVGSVHVDSGASAITRESHTHRDRPSQQQPLRNQVVSSTNGELNVDDPTGAHSNAPITAHAEVEVVEEAKCCCFFKRKRKKTAQRHK,10000.0,[0. 0. 0. ... 0. 0. 0.],[5.405 7.277 2.495 ... 0.    1.    0.   ]
482,482,CC(C)(C)C1CC(NC(=O)NC2CCC(-C3CN4C(N3)SC3CC(OCCN5CCOCC5)CCC34)CC2)NO1,MGNGSVKPKHSKHPDGHSGNLTTDALRNKVTELERELRRKDAEIQEREYHLKELREQLSKQTVAIAELTEELQNKCIQLNKLQDVVHMQGGSPLQASPDKVPLEVHRKTSGLVSLHSRRGAKAGVSAEPTTRTYDLNKPPEFSFEKARVRKDSSEKKLITDALNKNQFLKRLDPQQIKDMVECMYGRNYQQGSYIIKQGEPGNHIFVLAEGRLEVFQGEKLLSSIPMWTTFGELAILYNCTRTASVKAITNVKTWALDREVFQNIMRRTAQARDEQYRNFLRSVSLLKNLPEDKLTKIIDCLEVEYYDKGDYIIREGEEGSTFFILAKGKVKVTQSTEGHDQPQLIKTLQKGEYFGEKALISDDVRSANIIAEENDVACLVIDRETFNQTVGTFEELQKYLEGYVANLNRDDEKRHAKRSMSNWKLSKALSLEMIQLKEKVARFSSSSPFQNLEIIATLGVGGFGRVELVKVKNENVAFAMKCIRKKHIVDTKQQEHVYSEKRILEELCSPFIVKLYRTFKDNKYVYMLLEACLGGELWSILRDRGSFDEPTSKFCVACVTEAFDYLHRLGIIYRDLKPENLILDAEGYLKLVDFGFAKKIGSGQKTWTFCGTPEYVAPEVILNKGHDFSVDFWSLGILVYELLTGNPPFSGVDQMMTYNLILKGIEKMDFPRKITRRPEDLIRRLCRQNPTERLGNLKNGINDIKKHRWLNGFNWEGLKARSLPSPLQRELKGPIDHSYFDKYPPEKGMPPDELSGWDKDF,10000.0,[0. 0. 0. ... 0. 0. 0.],[6.08  2.935 7.338 ... 0.    0.    1.   ]
1946,1946,CNC(=O)C1CCCCC1SC1CCC2C(C=CC3CCCCN3)N[NH]C2C1,MADSGLDKKSTKCPDCSSASQKDVLCVCSSKTRVPPVLVVEMSQTSSIGSAESLISLERKKEKNINRDITSRKDLPSRTSNVERKASQQQWGRGNFTEGKVPHIRIENGAAIEEIYTFGRILGKGSFGIVIEATDKETETKWAIKKVNKEKAGSSAVKLLEREVNILKSVKHEHIIHLEQVFETPKKMYLVMELCEDGELKEILDRKGHFSENETRWIIQSLASAIAYLHNNDIVHRDLKLENIMVKSSLIDDNNEINLNIKVTDFGLAVKKQSRSEAMLQATCGTPIYMAPEVISAHDYSQQCDIWSIGVVMYMLLRGEPPFLASSEEKLFELIRKGELHFENAVWNSISDCAKSVLKQLMKVDPAHRITAKELLDNQWLTGNKLSSVRPTNVLEMMKEWKNNPESVEENTTEEKNKPSTEEKLKSYQPWGNVPDANYTSDEEEEKQSTAYEKQFPATSKDNFDMCSSSFTSSKLLPAEIKGEMEKTPVTPSQGTATKYPAKSGALSRTKKKL,10000.0,[0. 0. 0. ... 0. 0. 0.],[7.615 5.01  4.008 ... 0.    0.    0.   ]
1409,1409,CN(C)CC=CC(=O)NC1CC2C(NC3CCC(F)C(CL)C3)NCNC2CC1OC1CCOC1,MGGNHSHKPPVFDENEEVNFDHFQILRAIGKGSFGKVCIVQKRDTKKMYAMKYMNKQKCIERDEVRNVFRELQIMQGLEHPFLVNLWYSFQDEEDMFMVVDLLLGGDLRYHLQQNVHFTEGTVKLYICELALALEYLQRYHIIHRDIKPDNILLDEHGHVHITDFNIATVVKGAERASSMAGTKPYMAPEVFQVYMDRGPGYSYPVDWWSLGITAYELLRGWRPYEIHSVTPIDEILNMFKVERVHYSSTWCKGMVALLRKLLTKDPESRVSSLHDIQSVPYLADMNWDAVFKKALMPGFVPNKGRLNCDPTFELEEMILESKPLHKKKKRLAKNRSRDGTKDSCPLNGHLQHCLETVREEFIIFNREKLRRQQGQGSQLLDTDSRGGGQAQSKLQDGCNNNLLTHTCTRGCSS,10000.0,[0. 0. 0. ... 0. 0. 0.],[6.968 4.671 3.721 ... 0.    0.    0.   ]
1150,1150,CN(C)CC=CC(=O)NC1CC2C(NC3CCC(F)C(CL)C3)NCNC2CC1OC1CCOC1,MDTKSILEELLLKRSQQKKKMSPNNYKERLFVLTKTNLSYYEYDKMKRGSRKGSIEIKKIRCVEKVNLEEQTPVERQYPFQIVYKDGLLYVYASNEESRSQWLKALQKEIRGNPHLLVKYHSGFFVDGKFLCCQQSCKAAPGCTLWEAYANLHTAVNEEKHRVPTFPDRVLKIPRAVPVLKMDAPSSSTTLAQYDNESKKNYGSQPPSSSTSLAQYDSNSKKIYGSQPNFNMQYIPREDFPDWWQVRKLKSSSSSEDVASSNQKERNVNHTTSKISWEFPESSSSEEEENLDDYDWFAGNISRSQSEQLLRQKGKEGAFMVRNSSQVGMYTVSLFSKAVNDKKGTVKHYHVHTNAENKLYLAENYCFDSIPKLIHYHQHNSAGMITRLRHPVSTKANKVPDSVSLGNGIWELKREEITLLKELGSGQFGVVQLGKWKGQYDVAVKMIKEGSMSEDEFFQEAQTMMKLSHPKLVKFYGVCSKEYPIYIVTEYISNGCLLNYLRSHGKGLEPSQLLEMCYDVCEGMAFLESHQFIHRDLAARNCLVDRDLCVKVSDFGMTRYVLDDQYVSSVGTKFPVKWSAPEVFHYFKYSSKSDVWAFGILMWEVFSLGKQPYDLYDNSQVVLKVSQGHRLYRPHLASDTIYQIMYSCWHELPEKRPTFQQLLSSIEPLREKDKH,10000.0,[0. 0. 0. ... 0. 0. 1.],[5.635 4.098 5.533 ... 0.    0.    0.   ]
1251,1251,CN(C)CC=CC(=O)NC1CC2C(NC3CCC(F)C(CL)C3)NCNC2CC1OC1CCOC1,MSRSKRDNNFYSVEIGDSTFTVLKRYQNLKPIGSGAQGIVCAAYDAILERNVAIKKLSRPFQNQTHAKRAYRELVLMKCVNHKNIIGLLNVFTPQKSLEEFQDVYIVMELMDANLCQVIQMELDHERMSYLLYQMLCGIKHLHSAGIIHRDLKPSNIVVKSDCTLKILDFGLARTAGTSFMMTPYVVTRYYRAPEVILGMGYKENVDLWSVGCIMGEMVCHKILFPGRDYIDQWNKVIEQLGTPCPEFMKKLQPTVRTYVENRPKYAGYSFEKLFPDVLFPADSEHNKLKASQARDLLSKMLVIDASKRISVDEALQHPYINVWYDPSEAEAPPPKIPDKQLDEREHTIEEWKELIYKEVMDLEERTKNGVIRGQPSPLGAAVINGSQHPSSSSSVNDVSSMSTDPTLASDTDSSLEAAAGPLGCCR,10000.0,[0. 0. 0. ... 0. 0. 0.],[5.244 5.982 5.982 ... 0.    0.    1.   ]
932,932,O=C(NC1CCNCC1)C1[NH]NCC1NC(=O)C1C(CL)CCCC1CL,MAPARGRLPPALWVVTAAAAAATCVSAARGEVNLLDTSTIHGDWGWLTYPAHGWDSINEVDESFQPIHTYQVCNVMSPNQNNWLRTSWVPRDGARRVYAEIKFTLRDCNSMPGVLGTCKETFNLYYLESDRDLGASTQESQFLKIDTIAADESFTGADLGVRRLKLNTEVRSVGPLSKRGFYLAFQDIGACLAILSLRIYYKKCPAMVRNLAAFSEAVTGADSSSLVEVRGQCVRHSEERDTPKMYCSAEGEWLVPIGKCVCSAGYEERRDACVACELGFYKSAPGDQLCARCPPHSHSAAPAAQACHCDLSYYRAALDPPSSACTRPPSAPVNLISSVNGTSVTLEWAPPLDPGGRSDITYNAVCRRCPWALSRCEACGSGTRFVPQQTSLVQASLLVANLLAHMNYSFWIEAVNGVSDLSPEPRRAAVVNITTNQAAPSQVVVIRQERAGQTSVSLLWQEPEQPNGIILEYEIKYYEKDKEMQSYSTLKAVTTRATVSGLKPGTRYVFQVRARTSAGCGRFSQAMEVETGKPRPRYDTRTIVWICLTLITGLVVLLLLLICKKRHCGYSKAFQDSDEEKMHYQNGQAPPPVFLPLHHPPGKLPEPQFYAEPHTYEEPGRAGRSFTREIEASRIHIEKIIGSGDSGEVCYGRLRVPGQRDVPVAIKALKAGYTERQRRDFLSEASIMGQFDHPNIIRLEGVVTRGRLAMIVTEYMENGSLDTFLRTHDGQFTIMQLVGMLRGVGAGMRYLSDLGYVHRDLAARNVLVDSNLVCKVSDFGLSRVLEDDPDAAYTTTGGKIPIRWTAPEAIAFRTFSSASDVWSFGVVMWEVLAYGERPYWNMTNRDVISSVEEGYRLPAPMGCPHALHQLMLDCWHKDRAQRPRFSQIVSVLDALIRSPESLRATATVSRCPPPAFVRSCFDLRGGSGGGGGLTVGDWLDSIRMGRYRDHFAAGGYSSLGMVLRMNAQDVRALGITLMGHQKKILGSIQTMRAQLTSTQGPRRHL,10000.0,[0. 0. 0. ... 0. 0. 0.],[5.135 7.568 3.784 ... 0.    0.    0.   ]
1644,1644,CN1CCC(C2C(O)CC(O)C3C(=O)CC(-C4CCCCC4CL)OC23)C(O)C1,MAAAETQSLREQPEMEDANSEKSINEENGEVSEDQSQNKHSRHKKKKHKHRSKHKKHKHSSEEDKDKKHKHKHKHKKHKRKEIIDASDKEGMSPAKRTKLDDLALLEDLEKQRALIKAELDNELMEGKVQSGMGLILQGYESGSEEEGEIHEKARNGNRSSTRSSSTKGKLELVDNKITTKKRSKSRSKERTRHRSDKKKSKGGIEIVKEKTTRSKSKERKKSKSPSKRSKSQDQARKSKSPTLRRRSQEKIGKARSPTDDKVKIEDKSKSKDRKKSPIINESRSRDRGKKSRSPVDLRGKSKDRRSRSKERKSKRSETDKEKKPIKSPSKDASSGKENRSPSRRPGRSPKRRSLSPKPRDKSRRSRSPLLNDRRSKQSKSPSRTLSPGRRAKSRSLERKRREPERRRLSSPRTRPRDDILSRRERSKDASPINRWSPTRRRSRSPIRRRSRSPLRRSRSPRRRSRSPRRRDRGRRSRSRLRRRSRSRGGRRRRSRSKVKEDKFKGSLSEGMKVEQESSSDDNLEDFDVEEEDEEALIEQRRIQRQAIVQKYKYLAEDSNMSVPSEPSSPQSSTRTRSPSPDDILERVAADVKEYERENVDTFEASVKAKHNLMTVEQNNGSSQKKLLAPDMFTESDDMFAAYFDSARLRAAGIGKDFKENPNLRDNWTDAEGYYRVNIGEVLDKRYNVYGYTGQGVFSNVVRARDNARANQEVAVKIIRNNELMQKTGLKELEFLKKLNDADPDDKFHCLRLFRHFYHKQHLCLVFEPLSMNLREVLKKYGKDVGLHIKAVRSYSQQLFLALKLLKRCNILHADIKPDNILVNESKTILKLCDFGSASHVADNDITPYLVSRFYRAPEIIIGKSYDYGIDMWSVGCTLYELYTGKILFPGKTNNHMLKLAMDLKGKMPNKMIRKGVFKDQHFDQNLNFMYIEVDKVTEREKVTVMSTINPTKDLLADLIGCQRLPEDQRKKVHQLKDLLDQILMLDPAKRISINQALQHAFIQEKI,10000.0,[0. 0. 0. ... 0. 0. 0.],[5.516 5.338 2.313 ... 0.    0.    0.   ]
456,456,CC(C)(C)C1CC(NC(=O)NC2CCC(-C3CN4C(N3)SC3CC(OCCN5CCOCC5)CCC34)CC2)NO1,MGCSQSSNVKDFKTRRSKFTNGNNYGKSGNNKNSEDLAINPGMYVRKKEGKIGESYFKVRKLGSGAYGEVLLCREKHGHGEKAIKVIKKSQFDKMKYSITNKIECDDKIHEEIYNEISLLKSLDHPNIIKLFDVFEDKKYFYLVTEFYEGGELFEQIINRHKFDECDAANIMKQILSGICYLHKHNIVHRDIKPENILLENKHSLLNIKIVDFGLSSFFSKDNKLRDRLGTAYYIAPEVLRKKYNEKCDVWSCGVILYILLCGYPPFGGQNDQDIIKKVEKGKYYFDFNDWKNISEEAKELIKLMLTYDYNKRITAKEALNSKWIKKYANNINKSDQKTLCGALSNMRKFEGSQKLAQAAILFIGSKLTTLEERKELTDIFKKLDKNGDGQLDKKELIEGYNILRSFKNELGELKNVEEEVDNILKEVDFDKNGYIEYSEFISVCMDKQILFSEERLRDAFNLFDTDKSGKITKEELANLFGLTSISEQMWNEVLGEADKNKDNMIDFDEFVNMMHKICDNKSS,10000.0,[0. 0. 0. ... 0. 0. 0.],[4.729 5.563 2.225 ... 0.    0.    0.   ]
994,994,O=C(NC1CCNCC1)C1[NH]NCC1NC(=O)C1C(CL)CCCC1CL,MSDSLWTALSNFSMPSFPGGSMFRRTKSCRTSNRKSLILTSTSPTLPRPHSPLPGHLGSSPLDSPRNFSPNTPAHFSFASSRRADGRRWSLASLPSSGYGTNTPSSTVSSSCSSQERLHQLPYQPTVDELHFLSKHFGSTESITDEDGGRRSPAVRPRSRSLSPGRSPSSYDNEIVMMNHVYKERFPKATAQMEEKLRDFTRAYEPDSVLPLADGVLSFIHHQIIELARDCLTKSRDGLITTVYFYELQENLEKLLQDAYERSESLEVAFVTQLVKKLLIIISRPARLLECLEFNPEEFYHLLEAAEGHAKEGHLVKTDIPRYIIRQLGLTRDPFPDVVHLEEQDSGGSNTPEQDDLSEGRSSKAKKPPGENDFDTIKLISNGAYGAVYLVRHRDTRQRFAMKKINKQNLILRNQIQQAFVERDILTFAENPFVVGMFCSFETRRHLCMVMEYVEGGDCATLLKNIGALPVEMARMYFAETVLALEYLHNYGIVHRDLKPDNLLITSMGHIKLTDFGLSKMGLMSLTTNLYEGHIEKDAREFLDKQVCGTPEYIAPEVILRQGYGKPVDWWAMGIILYEFLVGCVPFFGDTPEELFGQVISDDILWPEGDEALPTEAQLLISSLLQTNPLVRLGAGGAFEVKQHSFFRDLDWTGLLRQKAEFIPHLESEDDTSYFDTRSDRYHHVNSYDEDDTTEEEPVEIRQFSSCSPRFSKVYSSMEQLSQHEPKTPVAAAGSSKREPSTKGPEEKVAGKREGLGGLTLREKTWRGGSPEIKRFSASEASFLEGEASPPLGARRRFSALLEPSRFSAPQEDEDEARLRRPPRPSSDPAGSLDARAPKEETQGEGTSSAGDSEATDRPRPGDLCPPSKDGDASGPRATNDLVLRRARHQQMSGDVAVEKRPSRTGGKVIKSASATALSVMIPAVDPHGSSPLASPMSPRSLSSNPSSRDSSPSRDYSPAVSGLRSPITIQRSGKKYGFTLRAIRVYMGDTDVYSVHHIVWHVEEGGPAQEAGLCAGDLITHVNGEPVHGMVHPEVVELILKSGNKVAVTTTPFENTSIRIGPARRSSYKAKMARRNKRPSAKEGQESKKRSSLFRKITKQSNLLHTSRSLSSLNRSLSSSDSLPGSPTHGLPARSPTHSYRSTPDSAYLGASSQSSSPASSTPNSPASSASHHIRPSTLHGLSPKLHRQYRSARCKSAGNIPLSPLAHTPSPTQASPPPLPGHTVGSSHTTQSFPAKLHSSPPVVRPRPKSAEPPRSPLLKRVQSAEKLGASLSADKKGALRKHSLEVGHPDFRKDFHGELALHSLAESDGETPPVEGLGAPRQVAVRRLGRQESPLSLGADPLLPEGASRPPVSSKEKESPGGAEACTPPRATTPGGRTLERDVGCTRHQSVQTEDGTGGMARAVAKAALSPVQEHETGRRSSSGEAGTPLVPIVVEPARPGAKAVVPQPLGADSKGLQEPAPLAPSVPEAPRGRERWVLEVVEERTTLSGPRSKPASPKLSPEPQTPSLAPAKCSAPSSAVTPVPPASLLGSGTKPQVGLTSRCPAEAVPPAGLTKKGVSSPAPPGP,10000.0,[0. 0. 0. ... 0. 0. 0.],[5.95  4.959 5.455 ... 0.    0.    0.   ]
1905,1905,CNC(=O)C1CCCCC1SC1CCC2C(C=CC3CCCCN3)N[NH]C2C1,MELEVPDEAESAEAGAVPSEAAWAAESGAAAGLAQKKAAPTEVLSMTAQPGPGHGKKLGHRGVDASGETTYKKTTSSTLKGAIQLGIGYTVGHLSSKPERDVLMQDFYVVESIFFPSEGSNLTPAHHFQDFRFKTYAPVAFRYFRELFGIRPDDYLYSLCNEPLIELSNPGASGSLFYVTSDDEFIIKTVMHKEAEFLQKLLPGYYMNLNQNPRTLLPKFYGLYCVQSGGKNIRVVVMNNILPRVVKMHLKFDLKGSTYKRRASKKEKEKSFPTYKDLDFMQDMPEGLLLDADTFSALVKTLQRDCLVLESFKIMDYSLLLGVHNIDQHERERQAQGAQSTSDEKRPVGQKALYSTAMESIQGGAARGEAIESDDTMGGIPAVNGRGERLLLHIGIIDILQSYRFIKKLEHTWKALVHDGDTVSVHRPSFYAERFFKFMSNTVFRKNSSLKSSPSKKGRGGALLAVKPLGPTAAFSASQIPSEREEAQYDLRGARSYPTLEDEGRPDLLPCTPPSFEEATTASIATTLSSTSLSIPERSPSETSEQPRYRRRTQSSGQDGRPQEEPPAEEDLQQITVQVEPACSVEIVVPKEEDAGVEASPAGASAAVEVETASQASDEEGAPASQASDEEDAPATDIYFPTDERSWVYSPLHYSAQAPPASDGESDT,10000.0,[0. 0. 0. ... 0. 0. 0.],[4.21  5.519 5.239 ... 0.    0.    0.   ]
1161,1161,CN(C)CC=CC(=O)NC1CC2C(NC3CCC(F)C(CL)C3)NCNC2CC1OC1CCOC1,MSSCVSSQPSSNRAAPQDELGGRGSSSSESQKPCEALRGLSSLSIHLGMESFIVVTECEPGCAVDLGLARDRPLEADGQEVPLDTSGSQARPHLSGRKLSLQERSQGGLAAGGSLDMNGRCICPSLPYSPVSSPQSSPRLPRRPTVESHHVSITGMQDCVQLNQYTLKDEIGKGSYGVVKLAYNENDNTYYAMKVLSKKKLIRQAGFPRRPPPRGTRPAPGGCIQPRGPIEQVYQEIAILKKLDHPNVVKLVEVLDDPNEDHLYMVFELVNQGPVMEVPTLKPLSEDQARFYFQDLIKGIEYLHYQKIIHRDIKPSNLLVGEDGHIKIADFGVSNEFKGSDALLSNTVGTPAFMAPESLSETRKIFSGKALDVWAMGVTLYCFVFGQCPFMDERIMCLHSKIKSQALEFPDQPDIAEDLKDLITRMLDKNPESRIVVPEIKLHPWVTRHGAEPLPSEDENCTLVEVTEEEVENSVKHIPSLATVILVKTMIRKRSFGNPFEGSRREERSLSAPGNLLTKKPTRECESLSELKEARQRRQPPGHRPAPRGGGGSALVRGSPCVESCWAPAPGSPARMHPLRPEEAMEPE,10000.0,[0. 0. 0. ... 0. 0. 0.],[7.154 7.154 3.021 ... 0.    0.    0.   ]
1969,1969,CNC(=O)C1CCCCC1SC1CCC2C(C=CC3CCCCN3)N[NH]C2C1,MPLRHWGMARGSKPVGDGAQPMAAMGGLKVLLHWAGPGGGEPWVTFSESSLTAEEVCIHIAHKVGITPPCFNLFALFDAQAQVWLPPNHILEIPRDASLMLYFRIRFYFRNWHGMNPREPAVYRCGPPGTEASSDQTAQGMQLLDPASFEYLFEQGKHEFVNDVASLWELSTEEEIHHFKNESLGMAFLHLCHLALRHGIPLEEVAKKTSFKDCIPRSFRRHIRQHSALTRLRLRNVFRRFLRDFQPGRLSQQMVMVKYLATLERLAPRFGTERVPVCHLRLLAQAEGEPCYIRDSGVAPTDPGPESAAGPPTHEVLVTGTGGIQWWPVEEEVNKEEGSSGSSGRNPQASLFGKKAKAHKAVGQPADRPREPLWAYFCDFRDITHVVLKEHCVSIHRQDNKCLELSLPSRAAALSFVSLVDGYFRLTADSSHYLCHEVAPPRLVMSIRDGIHGPLLEPFVQAKLRPEDGLYLIHWSTSHPYRLILTVAQRSQAPDGMQSLRLRKFPIEQQDGAFVLEGWGRSFPSVRELGAALQGCLLRAGDDCFSLRRCCLPQPGETSNLIIMRGARASPRTLNLSQLSFHRVDQKEITQLSHLGQGTRTNVYEGRLRVEGSGDPEEGKMDDEDPLVPGRDRGQELRVVLKVLDPSHHDIALAFYETASLMSQVSHTHLAFVHGVCVRGPENIMVTEYVEHGPLDVWLRRERGHVPMAWKMVVAQQLASALSYLENKNLVHGNVCGRNILLARLGLAEGTSPFIKLSDPGVGLGALSREERVERIPWLAPECLPGGANSLSTAMDKWGFGATLLEICFDGEAPLQSRSPSEKEHFYQRQHRLPEPSCPQLATLTSQCLTYEPTQRPSFRTILRDLTRLQPHNLADVLTVNPDSPASDPTVFHKRYLKKIRDLGEGHFGKVSLYCYDPTNDGTGEMVAVKALKADCGPQHRSGWKQEIDILRTLYHEHIIKYKGCCEDQGEKSLQLVMEYVPLGSLRDYLPRHSIGLAQLLLFAQQICEGMAYLHAQHYIHRDLAARNVLLDNDRLVKIGDFGLAKAVPEGHEYYRVREDGDSPVFWYAPECLKEYKFYYASDVWSFGVTLYELLTHCDSSQSPPTKFLELIGIAQGQMTVLRLTELLERGERLPRPDKCPCEVYHLMKNCWETEASFRPTFENLIPILKTVHEKYQGQAPSVFSVC,10000.0,[0. 0. 0. ... 0. 0. 0.],[9.396 4.027 4.027 ... 0.    0.    0.   ]
380,380,CC(C)(C)C1CC(NC(=O)NC2CCC(-C3CN4C(N3)SC3CC(OCCN5CCOCC5)CCC34)CC2)NO1,MAPPSEETPLIPQRSCSLLSTEAGALHVLLPARGPGPPQRLSFSFGDHLAEDLCVQAAKASGILPVYHSLFALATEDLSCWFPPSHIFSVEDASTQVLLYRIRFYFPNWFGLEKCHRFGLRKDLASAILDLPVLEHLFAQHRSDLVSGRLPVGLSLKEQGECLSLAVLDLARMAREQAQRPGELLKTVSYKACLPPSLRDLIQGLSFVTRRRIRRTVRRALRRVAACQADRHSLMAKYIMDLERLDPAGAAETFHVGLPGALGGHDGLGLLRVAGDGGIAWTQGEQEVLQPFCDFPEIVDISIKQAPRVGPAGEHRLVTVTRTDNQILEAEFPGLPEALSFVALVDGYFRLTTDSQHFFCKEVAPPRLLEEVAEQCHGPITLDFAINKLKTGGSRPGSYVLRRSPQDFDSFLLTVCVQNPLGPDYKGCLIRRSPTGTFLLVGLSRPHSSLRELLATCWDGGLHVDGVAVTLTSCCIPRPKEKSNLIVVQRGHSPPTSSLVQPQSQYQLSQMTFHKIPADSLEWHENLGHGSFTKIYRGCRHEVVDGEARKTEVLLKVMDAKHKNCMESFLEAASLMSQVSYRHLVLLHGVCMAGDSTMVQEFVHLGAIDMYLRKRGHLVPASWKLQVVKQLAYALNYLEDKGLPHGNVSARKVLLAREGADGSPPFIKLSDPGVSPAVLSLEMLTDRIPWVAPECLREAQTLSLEADKWGFGATVWEVFSGVTMPISALDPAKKLQFYEDRQQLPAPKWTELALLIQQCMAYEPVQRPSFRAVIRDLNSLISSDYELLSDPTPGALAPRDGLWNGAQLYACQDPTIFEERHLKYISQLGKGNFGSVELCRYDPLGDNTGALVAVKQLQHSGPDQQRDFQREIQILKALHSDFIVKYRGVSYGPGRQSLRLVMEYLPSGCLRDFLQRHRARLDASRLLLYSSQICKGMEYLGSRRCVHRDLAARNILVESEAHVKIADFGLAKLLPLDKDYYVVREPGQSPIFWYAPESLSDNIFSRQSDVWSFGVVLYELFTYCDKSCSPSAEFLRMMGCERDVPALCRLLELLEEGQRLPAPPACPAEVHELMKLCWAPSPQDRPSFSALGPQLDMLWSGSRGCETHAFTAHPEGKHHSLSFS,10000.0,[0. 0. 0. ... 0. 0. 0.],[5.237 4.23  5.035 ... 0.    0.    0.   ]
145,145,CC1[NH]NC2CCC(-C3CNCC(OCC(N)CC4CCCCC4)C3)CC12,MSDSLWTALSNFSMPSFPGGSMFRRTKSCRTSNRKSLILTSTSPTLPRPHSPLPGHLGSSPLDSPRNFSPNTPAHFSFASSRRADGRRWSLASLPSSGYGTNTPSSTVSSSCSSQERLHQLPYQPTVDELHFLSKHFGSTESITDEDGGRRSPAVRPRSRSLSPGRSPSSYDNEIVMMNHVYKERFPKATAQMEEKLRDFTRAYEPDSVLPLADGVLSFIHHQIIELARDCLTKSRDGLITTVYFYELQENLEKLLQDAYERSESLEVAFVTQLVKKLLIIISRPARLLECLEFNPEEFYHLLEAAEGHAKEGHLVKTDIPRYIIRQLGLTRDPFPDVVHLEEQDSGGSNTPEQDDLSEGRSSKAKKPPGENDFDTIKLISNGAYGAVYLVRHRDTRQRFAMKKINKQNLILRNQIQQAFVERDILTFAENPFVVGMFCSFETRRHLCMVMEYVEGGDCATLLKNIGALPVEMARMYFAETVLALEYLHNYGIVHRDLKPDNLLITSMGHIKLTDFGLSKMGLMSLTTNLYEGHIEKDAREFLDKQVCGTPEYIAPEVILRQGYGKPVDWWAMGIILYEFLVGCVPFFGDTPEELFGQVISDDILWPEGDEALPTEAQLLISSLLQTNPLVRLGAGGAFEVKQHSFFRDLDWTGLLRQKAEFIPHLESEDDTSYFDTRSDRYHHVNSYDEDDTTEEEPVEIRQFSSCSPRFSKVYSSMEQLSQHEPKTPVAAAGSSKREPSTKGPEEKVAGKREGLGGLTLREKTWRGGSPEIKRFSASEASFLEGEASPPLGARRRFSALLEPSRFSAPQEDEDEARLRRPPRPSSDPAGSLDARAPKEETQGEGTSSAGDSEATDRPRPGDLCPPSKDGDASGPRATNDLVLRRARHQQMSGDVAVEKRPSRTGGKVIKSASATALSVMIPAVDPHGSSPLASPMSPRSLSSNPSSRDSSPSRDYSPAVSGLRSPITIQRSGKKYGFTLRAIRVYMGDTDVYSVHHIVWHVEEGGPAQEAGLCAGDLITHVNGEPVHGMVHPEVVELILKSGNKVAVTTTPFENTSIRIGPARRSSYKAKMARRNKRPSAKEGQESKKRSSLFRKITKQSNLLHTSRSLSSLNRSLSSSDSLPGSPTHGLPARSPTHSYRSTPDSAYLGASSQSSSPASSTPNSPASSASHHIRPSTLHGLSPKLHRQYRSARCKSAGNIPLSPLAHTPSPTQASPPPLPGHTVGSSHTTQSFPAKLHSSPPVVRPRPKSAEPPRSPLLKRVQSAEKLGASLSADKKGALRKHSLEVGHPDFRKDFHGELALHSLAESDGETPPVEGLGAPRQVAVRRLGRQESPLSLGADPLLPEGASRPPVSSKEKESPGGAEACTPPRATTPGGRTLERDVGCTRHQSVQTEDGTGGMARAVAKAALSPVQEHETGRRSSSGEAGTPLVPIVVEPARPGAKAVVPQPLGADSKGLQEPAPLAPSVPEAPRGRERWVLEVVEERTTLSGPRSKPASPKLSPEPQTPSLAPAKCSAPSSAVTPVPPASLLGSGTKPQVGLTSRCPAEAVPPAGLTKKGVSSPAPPGP,10000.0,[0. 0. 0. ... 0. 0. 0.],[4.635 8.484 3.064 ... 0.    0.    0.   ]
1879,1879,CNC(=O)C1CCCCC1SC1CCC2C(C=CC3CCCCN3)N[NH]C2C1,MAGQPGHMPHGGSSNNLCHTLGPVHPPDPQRHPNTLSFRCSLADFQIEKKIGRGQFSEVYKATCLLDRKTVALKKVQIFEMMDAKARQDCVKEIGLLKQLNHPNIIKYLDSFIEDNELNIVLELADAGDLSQMIKYFKKQKRLIPERTVWKYFVQLCSAVEHMHSRRVMHRDIKPANVFITATGVVKLGDLGLGRFFSSETTAAHSLVGTPYYMSPERIHENGYNFKSDIWSLGCLLYEMAALQSPFYGDKMNLFSLCQKIEQCDYPPLPGEHYSEKLRELVSMCICPDPHQRPDIGYVHQVAKQMHIWMSST,10000.0,[0. 0. 0. ... 0. 0. 0.],[4.322 5.108 4.519 ... 0.    0.    0.   ]
